,pl_name
0,OGLE-2016-BLG-1227L b
1,Kepler-276 c
2,Kepler-829 b
3,K2-283 b
4,Kepler-477 b
5,TOI-1260 c
6,HD 149143 b
7,HD 99492 b
8,nu Oph c
9,75 Cet b
10,gam Lib b
11,HIP 12961 b
12,HD 11755 b
13,HD 29985 b
14,HD 115954 b
15,HIP 97233 b
16,HD 95872 b
17,OGLE-2015-BLG-0966L b
18,WASP-49 b
19,WASP-56 b
20,WASP-47 c
21,TOI-1470 b
22,V1298 Tau b
23,HD 22946 d
24,HAT-P-23 b
25,tau Cet e
26,K2-254 c
27,EPIC 220554210 c
28,NSVS 14256825 b
29,Kepler-1390 b
30,Kepler-393 c
31,Kepler-263 c
32,Kepler-1431 b
33,Kepler-237 c
34,Kepler-1510 b
35,Kepler-169 e
36,Kepler-145 c
37,Kepler-219 c
38,Kepler-910 b
39,Kepler-1037 b
40,Kepler-992 b
41,Kepler-113 b
42,Kepler-1097 b
43,Kepler-382 b
44,Kepler-1310 b
45,42 Dra b
46,61 Vir c
47,Kepler-57 b
48,70 Vir b
49,Kepler-255 c
50,K2-111 c
51,Kepler-107 d
52,LP 791-18 d
53,KMT-2016-BLG-2605L b
54,Kepler-52 c
55,Kepler-248 b
56,24 Sex b
57,24 Sex c
58,TOI-1937 A b
59,K2-174 b
60,K2-216 b
61,DENIS-P J082303.1-491201 b
62,HIP 63242 b
63,GJ 504 b
64,2MASS J01225093-2439505 b
65,RR Cae b
66,HAT-P-68 b
67,2MASS J19383260+4603591 b
68,HAT-P-70 b
69,WASP-169 b
70,Kepler-25 b
71,Kepler-10 d
72,Kepler-20 e
73,Kepler-32 f
74,K2-317 b
75,HD 188641 b
76,Kepler-102 b
77,TOI-2000 b
78,Kepler-20 d
79,TOI-2096 c
80,TOI-3807 b
81,Kepler-423 b
82,Kepler-411 d
83,TOI-1075 b
84,HATS-15 b
85,GJ 3341 b
86,GJ 581 b
87,G 264-012 b
88,EPIC 201833600 c
89,EPIC 249893012 b
90,EPIC 249893012 c
91,GJ 3293 d
92,GJ 3998 c
93,BD-08 2823 b
94,BD-10 3166 b
95,GJ 720 A b
96,BD-13 2130 b
97,HD 215152 d
98,AB Pic b
99,CoRoT-7 d
100,K2-319 b
101,K2-323 b
102,KMT-2021-BLG-1105L b
103,HAT-P-37 b
104,KELT-12 b
105,OGLE2-TR-L9 b
106,GJ 229 b
107,HD 105618 c
108,TOI-2641 b
109,WASP-107 b
110,WASP-101 b
111,HD 5608 b
112,TRAPPIST-1 h
113,HD 189733 b
114,WASP-104 b
115,WASP-19 b
116,K2-318 b
117,Kepler-1491 c
118,Kepler-1979 b
119,WASP-6 b
120,TOI-150.01
121,CFBDSIR J145829+101343 b
122,CoRoT-14 b
123,EPIC 206024342 b
124,EPIC 201427007 b
125,EPIC 206215704 b
126,EPIC 212297394 b
127,EPIC 212499991 b
128,EPIC 212737443 c
129,GJ 180 c
130,HD 136118 b
131,HD 153557 b
132,HD 155918 b
133,HD 156098 b
134,GJ 3138 d
135,HD 134060 c
136,K2-98 b
137,GJ 433 b
138,GJ 433 d
139,CoRoT-30 b
140,OGLE-2018-BLG-0532L b
141,OGLE-2018-BLG-0383L b
142,KMT-2021-BLG-0322L b
143,HATS-12 b
144,HD 10180 d
145,HD 102272 b
146,HD 42618 b
147,OGLE-2018-BLG-0962L b
148,HD 110014 b
149,HD 131496 b
150,BD-17 63 b
151,TOI-1842 b
152,EPIC 201754305 d
153,EPIC 201841433 b
154,HD 37605 b
155,HD 40307 d
156,HD 75289 b
157,HD 73526 c
158,HD 46375 b
159,HD 7924 c
160,G 264-012 c
161,HD 23127 b
162,HD 233832 b
163,HD 238090 b
164,HD 30856 b
165,HD 212301 b
166,HD 196050 b
167,HD 215497 c
168,HD 28254 b
169,HIP 29442 c
170,TOI-2202 c
171,K2-60 b
172,DMPP-3 A b
173,HATS-77 b
174,Kepler-167 c
175,HD 13808 b
176,HD 4208 b
177,Kepler-104 d
178,Kepler-20 f
179,Kepler-37 d
180,Kepler-62 b
181,TrES-1 b
182,nu Oct A b
183,HD 69830 b
184,HD 180053 b
185,WTS-2 b
186,WASP-92 b
187,TOI-1272 c
188,TOI-1288 c
189,Kepler-134 c
190,TOI-1669 b
191,TOI-3540 A b
192,HD 181342 b
193,HD 181433 b
194,HD 187123 c
195,K2-291 b
196,HD 125612 b
197,XO-1 b
198,WASP-46 b
199,K2-3 c
200,KELT-3 b
201,HD 205739 b
202,HD 20868 b
203,HD 211810 b
204,Kepler-165 c
205,Kepler-197 d
206,4 UMa b
207,HD 21411 b
208,HD 73526 b
209,HD 73534 b
210,GJ 411 b
211,GJ 687 b
212,GJ 887 b
213,HD 64114 b
214,HD 220842 b
215,HD 221585 b
216,HD 238914 b
217,HD 76920 b
218,HD 20781 b
219,HD 67087 c
220,HD 65216 c
221,HD 290327 b
222,HD 151450 b
223,HD 4313 b
224,HD 330075 b
225,HD 31253 b
226,HD 31527 b
227,HIP 65 A b
228,MASCARA-1 b
229,HD 206893 b
230,TOI-1338 c
231,KELT-8 b
232,WASP-153 b
233,HD 158259 f
234,TOI-3693 b
235,NGTS-24 b
236,LP 890-9 c
237,Kepler-134 b
238,TOI-1136 b
239,TOI-1136 g
240,K2-219 b
241,HD 40307 b
242,HATS-70 b
243,HAT-P-61 b
244,HD 158259 b
245,HAT-P-38 b
246,HD 12661 b
247,HD 4203 b
248,HATS-7 b
249,CoRoT-13 b
250,Kepler-37 e
251,Kepler-716 b
252,HD 122562 c
253,Kepler-773 b
254,HD 49674 b
255,30 Ari B b
256,HD 62509 b
257,HD 208527 b
258,HD 167768 b
259,Kepler-720 b
260,HD 158259 d
261,HD 207897 b
262,KELT-14 b
263,rho CrB d
264,HAT-P-30 b
265,TOI-3362 b
266,GJ 486 b
267,HAT-P-69 b
268,47 UMa c
269,K2-415 b
270,BD-11 4672 b
271,HATS-44 b
272,rho CrB b
273,GJ 328 b
274,HD 191939 d
275,2MASS J01033563-5515561 AB b
276,Kepler-167 d
277,HD 7199 b
278,KOI-55 c
279,HD 75898 b
280,HD 79498 b
281,Kepler-751 b
282,Kepler-1930 b
283,Kepler-1725 b
284,Kepler-1883 b
285,WASP-85 A b
286,WASP-95 b
287,Kepler-1887 b
288,Kepler-633 c
289,Kepler-1907 c
290,WASP-74 b
291,6 Lyn b
292,Kepler-782 b
293,HD 77338 b
294,GJ 3021 b
295,GJ 3634 b
296,GJ 674 b
297,HD 37605 c
298,GJ 876 e
299,HD 189567 b
300,HD 96700 c
301,GSC 06214-00210 b
302,HD 155918 c
303,HD 190647 b
304,BD+15 2940 b
305,Kepler-468 b
306,Kepler-495 b
307,Kepler-123 b
308,HD 200964 c
309,HATS-36 b
310,HD 17156 b
311,HD 206610 b
312,KMT-2021-BLG-1898L b
313,8 UMi b
314,K2-77 b
315,Kepler-432 b
316,HATS-1 b
317,Kepler-166 c
318,K2-136 c
319,K2-136 d
320,WASP-39 b
321,HATS-54 b
322,G 9-40 b
323,KMT-2019-BLG-0414L b
324,KOI-94 e
325,TOI-2076 d
326,HD 100655 b
327,HD 210277 b
328,HD 21693 b
329,HD 10180 f
330,HD 10180 g
331,WASP-47 d
332,HD 176986 c
333,WASP-64 b
334,GJ 15 A b
335,HD 143361 b
336,GJ 1252 b
337,GJ 3998 b
338,K2-294 b
339,GJ 3293 c
340,HR 2562 b
341,K2-154 b
342,GJ 3929 c
343,HD 118203 b
344,HATS-58 A b
345,HATS-46 b
346,HD 16417 b
347,TOI-4603 b
348,TOI-3884 b
349,TOI-2421 b
350,HD 109833 c
351,KELT-4 A b
352,Kepler-167 b
353,KELT-10 b
354,LTT 3780 b
355,HD 114082 b
356,TOI-270 b
357,TOI-270 c
358,MWC 758 c
359,WASP-168 b
360,TOI-269 b
361,HD 169830 c
362,HD 167677 b
363,KMT-2021-BLG-2010L b
364,KMT-2022-BLG-1013L b
365,Kepler-9 c
366,OGLE-2017-BLG-0173L b
367,K2-371 b
368,HD 1605 c
369,Kepler-265 c
370,Kepler-56 d
371,HD 9174 b
372,HD 32518 b
373,TRAPPIST-1 g
374,Kepler-756 b
375,HATS-9 b
376,HD 165155 b
377,OGLE-2017-BLG-1140L b
378,K2-239 b
379,EPIC 201497682 b
380,EPIC 206032309 b
381,HATS-8 b
382,HD 180617 b
383,CI Tau b
384,K2-165 c
385,K2-27 b
386,HIP 65426 b
387,HATS-72 b
388,K2-252 b
389,WASP-183 b
390,WASP-23 b
391,WASP-11 b
392,WASP-70 A b
393,HD 25015 b
394,HD 220689 b
395,HD 23596 b
396,KMT-2018-BLG-1743L b
397,K2-19 c
398,K2-136 b
399,HAT-P-42 b
400,HAT-P-64 b
401,OGLE-2019-BLG-0304L b
402,GJ 3138 b
403,HD 148164 b
404,PDS 70 c
405,K2-22 b
406,HD 24064 b
407,WASP-47 b
408,LHS 1140 c
409,KMT-2017-BLG-0165L b
410,Kepler-849 b
411,BD-06 1339 b
412,HAT-P-40 b
413,Qatar-4 b
414,HAT-P-51 b
415,HD 66428 b
416,HD 70642 b
417,LkCa 15 c
418,MXB 1658-298 b
419,MOA-2016-BLG-319L b
420,MOA-2011-BLG-291L b
421,HIP 91258 b
422,BD+15 2375 b
423,K2-125 b
424,CoRoT-21 b
425,HD 14787 b
426,NGC 2682 YBP 1514 b
427,GJ 1148 c
428,TOI-849 b
429,CoRoT-26 b
430,K2-348 b
431,Kepler-1099 b
432,7 CMa c
433,HD 108236 b
434,Kepler-167 e
435,HD 92788 b
436,WASP-147 b
437,bet Cnc b
438,mu Leo b
439,HD 30562 b
440,HD 125271 b
441,K2-416 b
442,Kepler-1647 b
443,HD 111591 b
444,Kepler-80 g
445,Kepler-419 c
446,HD 109988 b
447,HD 106270 b
448,HD 3167 d
449,HD 112640 b
450,Kepler-121 c
451,Kepler-130 b
452,Kepler-1048 b
453,KMT-2017-BLG-0673L b
454,TOI-784 b
455,rho CrB e
456,Kepler-821 b
457,Kepler-820 b
458,Kepler-162 b
459,Kepler-183 b
460,2MASS J02192210-3925225 b
461,Kepler-1009 b
462,Kepler-819 b
463,Kepler-811 b
464,Kepler-286 b
465,Kepler-214 b
466,Kepler-232 c
467,Kepler-961 b
468,Kepler-985 b
469,Kepler-804 b
470,Kepler-330 c
471,Kepler-732 c
472,Kepler-1019 b
473,HD 89744 b
474,Kepler-842 b
475,Kepler-56 c
476,Kepler-279 c
477,Kepler-791 b
478,Kepler-786 b
479,Kepler-465 b
480,Kepler-960 b
481,TOI-2196 b
482,HIP 21152 b
483,TOI-1136 e
484,TOI-1136 d
485,HATS-66 b
486,K2-138 c
487,KMT-2019-BLG-1339L b
488,Kepler-82 e
489,Kepler-247 b
490,Kepler-42 d
491,Kepler-1073 c
492,Kepler-1041 b
493,Kepler-1315 b
494,Kepler-1530 c
495,Kepler-458 c
496,Kepler-962 b
497,Kepler-1666 b
498,Kepler-303 b
499,Kepler-916 b
500,KOI-1783.01
501,Kepler-334 c
502,EPIC 201757695.02
503,Kepler-861 b
504,Kepler-1670 b
505,Kepler-325 b
506,HD 5278 b
507,Kepler-323 b
508,Kepler-300 c
509,GJ 27.1 b
510,HD 102365 b
511,Kepler-306 c
512,Kepler-1034 b
513,TOI-1136 f
514,CoRoT-36 b
515,KOI-1599.01
516,Kepler-317 b
517,K2-399 b
518,HD 220197 b
519,Kepler-299 c
520,Kepler-295 b
521,TOI-677 b
522,Kepler-759 b
523,Kepler-906 b
524,Kepler-955 b
525,K2-355 b
526,K2-398 b
527,OGLE-2014-BLG-0319L b
528,XO-3 b
529,XO-4 b
530,HAT-P-41 b
531,DMPP-4 b
532,HD 36384 b
533,WASP-67 b
534,LTT 1445 A b
535,LTT 1445 A c
536,WASP-76 b
537,GJ 1132 c
538,TRAPPIST-1 e
539,OGLE-TR-113 b
540,HD 110113 b
541,WASP-150 b
542,HATS-31 b
543,gam1 Leo b
544,WASP-18 b
545,WASP-29 b
546,WASP-8 b
547,WASP-8 c
548,WASP-97 b
549,WASP-20 b
550,WASP-133 b
551,GJ 143 b
552,HD 21749 c
553,WASP-18 c
554,HATS-49 b
555,LTT 9779 b
556,TOI-178 b
557,TOI-178 c
558,TOI-178 d
559,TOI-178 e
560,TOI-178 f
561,TOI-178 g
562,NGTS-14 A b
563,TOI-201 b
564,GJ 3090 b
565,TOI-2364 b
566,TOI-2525 b
567,TOI-2525 c
568,TOI-4308 b
569,HIP 113103 b
570,HIP 113103 c
571,WASP-17 b
572,TOI-519 b
573,TOI-3714 b
574,TOI-3629 b
575,TOI-1194 b
576,TOI-2095 b
577,TOI-2095 c
578,TOI-5344 b
579,TOI-5398 b
580,TOI-5398 c
581,HATS-3 b
582,Kepler-1312 b
583,Kepler-84 c
584,Kepler-338 b
585,Kepler-1221 b
586,Kepler-384 b
587,Kepler-221 d
588,Kepler-1348 b
589,Kepler-329 b
590,Kepler-132 d
591,Kepler-1739 b
592,Kepler-1783 b
593,EPIC 220674823 c
594,HATS-67 b
595,KMT-2021-BLG-1077L c
596,Kepler-337 b
597,Kepler-23 c
598,LHS 1678 b
599,Kepler-1721 b
600,Kepler-79 d
601,Kepler-446 b
602,Kepler-106 d
603,Kepler-81 d
604,Kepler-480 b
605,Kepler-31 c
606,Kepler-527 b
607,Kepler-262 b
608,Kepler-1075 b
609,Kepler-51 b
610,HAT-P-13 c
611,KOI-94 c
612,Kepler-436 c
613,Kepler-1384 b
614,Kepler-414 c
615,Kepler-288 d
616,Kepler-1276 b
617,Kepler-252 b
618,Kepler-401 c
619,Kepler-85 b
620,Kepler-1280 b
621,Kepler-392 b
622,Kepler-185 b
623,Kepler-755 c
624,Kepler-1457 b
625,Kepler-417 c
626,Kepler-106 e
627,Kepler-1111 b
628,Kepler-187 b
629,Kepler-206 d
630,Kepler-345 b
631,Kepler-87 c
632,Kepler-1289 b
633,Kepler-353 b
634,KMT-2021-BLG-1303L b
635,Kepler-285 c
636,Kepler-191 c
637,Kepler-366 c
638,Kepler-367 c
639,Kepler-1419 b
640,Kepler-1422 b
641,Kepler-825 c
642,Kepler-298 c
643,Kepler-1307 b
644,Kepler-535 b
645,HD 156668 c
646,TOI-1670 c
647,HIP 38594 c
648,TOI-199 b
649,TOI-1801 b
650,Kepler-136 b
651,CoRoT-35 b
652,Kepler-1676 b
653,Kepler-328 b
654,Kepler-384 c
655,Kepler-1194 b
656,Kepler-1591 b
657,Kepler-400 b
658,Kepler-1211 b
659,Kepler-206 b
660,Kepler-84 e
661,Kepler-1135 b
662,Kepler-1216 b
663,Kepler-1217 b
664,Kepler-1336 b
665,Kepler-1680 b
666,BD+45 564 b
667,Kepler-250 b
668,Kepler-1151 b
669,Kepler-1462 b
670,Kepler-1466 b
671,Kepler-1470 b
672,Kepler-641 b
673,Kepler-1604 b
674,Kepler-1549 b
675,Kepler-1594 b
676,Kepler-1475 b
677,K2-35 b
678,Kepler-154 f
679,Kepler-239 b
680,Kepler-184 b
681,Kepler-713 b
682,Kepler-1418 b
683,K2-271 b
684,HD 80653 b
685,K2-18 b
686,K2-18 c
687,LHS 475 b
688,HD 191939 g
689,Kepler-121 b
690,Kepler-248 c
691,Kepler-1504 b
692,Kepler-635 b
693,Kepler-386 b
694,Kepler-1245 c
695,Kepler-953 c
696,K2-170 c
697,Kepler-390 c
698,Kepler-599 b
699,Kepler-151 b
700,Kepler-143 b
701,Kepler-200 b
702,Kepler-582 b
703,Kepler-342 e
704,K2-182 b
705,K2-19 b
706,Kepler-1990 c
707,CoRoT-5 b
708,Kepler-495 c
709,TOI-2076 c
710,Kepler-1842 b
711,Kepler-1596 b
712,Kepler-235 b
713,Kepler-698 b
714,Kepler-1482 b
715,Kepler-103 c
716,Kepler-1876 b
717,Kepler-1608 b
718,Kepler-700 b
719,Kepler-1065 c
720,Kepler-1991 b
721,HD 56414 b
722,Kepler-166 b
723,Kepler-689 b
724,Kepler-160 d
725,Kepler-557 b
726,Kepler-192 b
727,K2-269 b
728,Kepler-690 b
729,Kepler-628 b
730,Kepler-1714 b
731,Kepler-1890 b
732,KOI-142 b
733,Kepler-1326 b
734,Kepler-621 b
735,Kepler-1620 b
736,Kepler-705 b
737,Kepler-1646 b
738,Kepler-1073 b
739,Kepler-1920 b
740,Kepler-1539 b
741,Kepler-742 b
742,Kepler-452 b
743,Kepler-654 b
744,Kepler-1448 b
745,Kepler-79 b
746,Kepler-150 c
747,Kepler-1451 b
748,Kepler-243 b
749,Kepler-623 b
750,Kepler-1592 b
751,Kepler-438 b
752,Kepler-354 c
753,Kepler-460 c
754,Kepler-207 d
755,HAT-P-3 b
756,WASP-26 b
757,WASP-96 b
758,Kepler-249 b
759,Kepler-125 c
760,7 CMa b
761,HAT-P-6 b
762,HD 164509 b
763,CoRoT-7 b
764,Kepler-574 b
765,BD-210397 b
766,GJ 9404 b
767,Kepler-146 c
768,TOI-1807 b
769,HAT-P-50 b
770,Qatar-7 b
771,TOI-1411 b
772,HATS-55 b
773,Kepler-210 b
774,K2-26 b
775,HD 26965 b
776,Kepler-103 b
777,Kepler-107 c
778,HD 86226 c
779,HIP 99770 b
780,K2-131 b
781,KMT-2021-BLG-2478L b
782,Kepler-762 b
783,Kepler-396 b
784,HAT-P-20 b
785,HAT-P-22 b
786,HD 17674 b
787,HD 177830 c
788,HD 179079 b
789,bet Pic b
790,HD 175167 b
791,HD 72659 c
792,HD 13724 c
793,HD 142 b
794,HD 151450 c
795,HD 32963 b
796,Kepler-247 d
797,Kepler-55 b
798,HD 185269 b
799,Kepler-33 f
800,HAT-P-33 b
801,Kepler-1891 b
802,Kepler-1753 b
803,TOI-1260 d
804,HAT-P-11 c
805,HAT-P-18 b
806,HAT-P-19 b
807,OGLE-2016-BLG-0613L AB b
808,WASP-84 c
809,LP 714-47 b
810,HD 10180 c
811,GJ 3512 c
812,Kepler-1937 b
813,HD 206255 b
814,HD 113538 b
815,HD 11964 b
816,HD 20781 c
817,HIP 41378 b
818,Kepler-672 b
819,HD 125595 b
820,K2-238 b
821,TOI-1860 b
822,Kepler-428 b
823,HAT-P-12 b
824,Kepler-718 b
825,HD 133131 A b
826,HD 212771 b
827,K2-279 b
828,HD 141399 e
829,HD 147018 b
830,HD 1502 b
831,Kepler-1649 c
832,HD 155358 b
833,K2-204 b
834,K2-215 b
835,Kepler-450 c
836,K2-2016-BLG-0005L b
837,Kepler-6 b
838,Kepler-20 c
839,NGTS-18 b
840,HD 3167 b
841,Kepler-91 b
842,K2-43 c
843,K2-45 b
844,K2-24 b
845,K2-240 c
846,K2-240 b
847,K2-217 b
848,K2-219 d
849,K2-224 b
850,K2-231 b
851,HIP 79431 b
852,HIP 105854 b
853,K2-186 b
854,HD 7924 d
855,HIP 109384 b
856,K2-111 b
857,HIP 5158 b
858,HD 8574 b
859,HD 86950 b
860,HD 168863 b
861,HD 181234 b
862,HD 190228 b
863,HD 90156 b
864,HD 95089 b
865,K2-199 c
866,K2-108 b
867,HD 99109 b
868,Kepler-4 b
869,HAT-P-25 b
870,HATS-22 b
871,NGTS-21 b
872,K2-148 d
873,WASP-142 b
874,TOI-1201 b
875,HD 85512 b
876,Kepler-1926 b
877,Kepler-1810 b
878,HD 96063 b
879,HD 98219 b
880,HIP 65407 b
881,HD 160691 b
882,Kepler-1863 b
883,HIP 54373 b
884,HD 109246 b
885,HIP 5158 c
886,HIP 57274 c
887,HIP 71135 b
888,WASP-130 b
889,OGLE-2014-BLG-0124L b
890,HR 810 b
891,HR 8799 c
892,K2-119 b
893,K2-122 b
894,K2-118 b
895,K2-124 b
896,K2-137 b
897,HIP 65407 c
898,HIP 67522 b
899,TOI-913 b
900,TOI-2570 b
901,TOI-2589 b
902,GJ 687 c
903,Kepler-1872 b
904,K2-149 b
905,Kepler-107 e
906,K2-290 b
907,K2-133 d
908,Kepler-305 e
909,HAT-P-55 b
910,Kepler-424 b
911,Kepler-426 b
912,K2-152 b
913,K2-25 b
914,K2-157 b
915,HD 108874 c
916,K2-206 b
917,IC 4651 9122 b
918,K2-153 b
919,K2-164 b
920,BD-210397 c
921,HIP 74890 b
922,HD 160691 c
923,K2-407 c
924,HD 68988 b
925,HD 213240 b
926,K2-163 b
927,K2-17 b
928,K2-254 b
929,K2-187 b
930,K2-129 b
931,HIP 107773 b
932,K2-160 b
933,Kepler-1929 b
934,HIP 48714 b
935,K2-172 b
936,K2-173 b
937,Kepler-1050 c
938,K2-189 c
939,K2-193 b
940,K2-194 b
941,K2-251 b
942,K2-249 b
943,K2-199 b
944,K2-201 c
945,K2-203 b
946,HD 99706 c
947,HD 64121 b
948,K2-198 d
949,Qatar-9 b
950,K2-179 b
951,OGLE-2012-BLG-0724L b
952,Kepler-1430 b
953,Kepler-1084 b
954,KIC 3558849 b
955,KIC 9663113 b
956,K2-243 c
957,Kepler-1915 b
958,K2-389 b
959,K2-278 b
960,K2-68 b
961,K2-7 b
962,Kepler-424 c
963,WASP-50 b
964,XO-2 N b
965,HD 149026 b
966,HAT-P-14 b
967,Kepler-411 b
968,Kepler-396 c
969,K2-282 b
970,Kepler-32 d
971,Kepler-19 c
972,Kepler-1023 b
973,K2-242 b
974,K2-247 b
975,K2-247 c
976,K2-286 b
977,K2-72 b
978,K2-201 b
979,K2-13 b
980,K2-159 b
981,KMT-2019-BLG-1953L b
982,K2-233 c
983,HD 63433 c
984,OGLE-2018-BLG-1212L b
985,HD 107148 b
986,HD 164922 e
987,K2-32 c
988,K2-32 d
989,Kepler-1969 b
990,Kepler-27 b
991,K2-74 b
992,K2-166 b
993,K2-80 b
994,K2-80 c
995,TOI-833 b
996,K2-37 c
997,KMT-2016-BLG-2364L b
998,K2-250 b
999,K2-48 b
1000,K2-5 b
1001,K2-195 c
1002,K2-196 b
1003,K2-198 b
1004,HD 48265 b
1005,Kepler-100 d
1006,K2-83 b
1007,Kepler-149 b
1008,K2-85 b
1009,K2-9 b
1010,K2-84 b
1011,HD 74698 b
1012,TOI-1422 b
1013,HD 15906 b
1014,KMT-2017-BLG-1146L b
1015,K2-220 b
1016,K2-89 b
1017,HD 160691 d
1018,Kepler-1924 b
1019,BD-00 4475 b
1020,Kepler-913 c
1021,KIC 5437945 b
1022,Kepler-101 b
1023,K2-47 b
1024,K2-6 b
1025,KMT-2018-BLG-1990L b
1026,KMT-2016-BLG-2142L b
1027,HIP 116454 b
1028,K2-141 b
1029,K2-66 b
1030,KOI-351 d
1031,HD 158259 e
1032,HD 158259 c
1033,Kapteyn c
1034,KOI-3680 b
1035,HAT-P-16 b
1036,Kepler-1227 b
1037,Kepler-1480 b
1038,Kepler-1274 b
1039,Kepler-1275 b
1040,Kepler-1262 b
1041,Kepler-1977 b
1042,Kepler-784 b
1043,Kepler-416 c
1044,Kepler-1162 b
1045,Kepler-864 c
1046,Kepler-164 b
1047,Kepler-149 c
1048,Kepler-1733 b
1049,Kepler-1668 b
1050,Kepler-1778 b
1051,Kepler-1284 b
1052,Kepler-1049 b
1053,Kepler-1051 b
1054,Kepler-1076 b
1055,Kepler-1079 b
1056,Kepler-1057 b
1057,Kepler-1065 b
1058,Kepler-1068 b
1059,Kepler-1069 b
1060,WASP-145 A b
1061,Kepler-1102 b
1062,Kepler-1040 b
1063,Kepler-1058 b
1064,Kepler-1766 b
1065,Kepler-394 b
1066,Kepler-1074 b
1067,Kepler-1078 b
1068,Kepler-1093 c
1069,Kepler-1101 b
1070,Kepler-111 b
1071,Kepler-111 c
1072,Kepler-1106 b
1073,Kepler-1103 b
1074,Kepler-1105 b
1075,Kepler-1107 b
1076,Kepler-1108 b
1077,Kepler-1115 b
1078,Kepler-1119 b
1079,Kepler-1139 b
1080,Kepler-1141 b
1081,Kepler-1142 b
1082,Kepler-114 c
1083,Kepler-1122 b
1084,Kepler-1143 b
1085,Kepler-1186 b
1086,Kepler-156 b
1087,Kepler-1560 b
1088,Kepler-1562 b
1089,Kepler-157 c
1090,Kepler-1182 b
1091,Kepler-1184 b
1092,Kepler-1209 b
1093,Kepler-1198 b
1094,Kepler-1572 b
1095,Kepler-1573 b
1096,Kepler-1230 b
1097,Kepler-1212 b
1098,Kepler-1254 b
1099,Kepler-1259 b
1100,Kepler-1489 b
1101,Kepler-1214 b
1102,Kepler-150 d
1103,Kepler-1500 b
1104,Kepler-148 c
1105,Kepler-1736 b
1106,Kepler-154 e
1107,Kepler-1484 b
1108,Kepler-1519 b
1109,Kepler-1532 b
1110,Kepler-30 c
1111,Kepler-157 d
1112,Kepler-476 b
1113,Kepler-478 b
1114,Kepler-1496 b
1115,Kepler-1497 b
1116,Kepler-1569 b
1117,Kepler-1571 b
1118,Kepler-1440 b
1119,Kepler-132 b
1120,Kepler-1468 c
1121,Kepler-1337 b
1122,Kepler-1502 b
1123,Kepler-1302 b
1124,Kepler-1511 b
1125,HD 160691 e
1126,Kepler-1847 b
1127,Kepler-1584 b
1128,Kepler-1294 b
1129,Kepler-1297 b
1130,Kepler-1298 b
1131,Kepler-131 c
1132,Kepler-1316 b
1133,Kepler-1335 b
1134,Kepler-1576 b
1135,Kepler-1490 b
1136,Kepler-1512 b
1137,Kepler-1338 b
1138,Kepler-1323 b
1139,Kepler-1498 b
1140,Kepler-1499 b
1141,Kepler-133 c
1142,Kepler-1336 c
1143,TOI-1820 b
1144,Kepler-1355 b
1145,Kepler-1370 b
1146,Kepler-1360 b
1147,Kepler-1367 b
1148,Kepler-1381 b
1149,Kepler-1383 b
1150,Kepler-1371 c
1151,Kepler-1373 b
1152,Kepler-1397 b
1153,Kepler-1386 b
1154,Kepler-1406 b
1155,Kepler-1554 b
1156,Kepler-1536 b
1157,Kepler-1420 b
1158,Kepler-1544 b
1159,Kepler-1577 b
1160,Kepler-1410 b
1161,Kepler-1426 b
1162,Kepler-1432 b
1163,Kepler-1436 b
1164,Kepler-142 b
1165,Kepler-150 b
1166,Kepler-1579 b
1167,Kepler-1507 b
1168,Kepler-1428 b
1169,Kepler-1453 b
1170,Kepler-1001 b
1171,Kepler-1438 b
1172,Kepler-1465 b
1173,Kepler-1469 b
1174,Kepler-1528 b
1175,Kepler-1550 b
1176,Kepler-153 c
1177,Kepler-1551 b
1178,Kepler-1479 b
1179,Kepler-1483 b
1180,Kepler-1526 b
1181,Kepler-1442 b
1182,Kepler-153 b
1183,Kepler-1494 b
1184,Kepler-1566 b
1185,Kepler-186 b
1186,Kepler-188 c
1187,TOI-561 d
1188,TOI-2145 b
1189,Kepler-603 c
1190,GJ 463 b
1191,Kepler-30 d
1192,Kepler-187 c
1193,Kepler-188 b
1194,Kepler-190 b
1195,Kepler-653 b
1196,Kepler-67 b
1197,Kepler-728 b
1198,Kepler-201 b
1199,Kepler-1534 b
1200,Kepler-1540 b
1201,Kepler-1542 b
1202,Kepler-1542 e
1203,Kepler-1543 b
1204,Kepler-1553 b
1205,Kepler-1585 b
1206,Kepler-1586 b
1207,Kepler-732 b
1208,Kepler-203 b
1209,Kepler-207 c
1210,Kepler-1570 b
1211,Kepler-1575 b
1212,Kepler-1522 b
1213,Kepler-1525 b
1214,Kepler-1546 b
1215,Kepler-1547 b
1216,Kepler-1555 b
1217,Kepler-221 c
1218,Kepler-605 b
1219,Kepler-160 c
1220,Kepler-1601 b
1221,Kepler-1603 b
1222,Kepler-249 d
1223,Kepler-18 b
1224,Kepler-1443 b
1225,Kepler-1447 b
1226,Kepler-127 c
1227,Kepler-1606 b
1228,Kepler-1429 b
1229,Kepler-606 b
1230,Kepler-1593 b
1231,Kepler-733 b
1232,Kepler-1641 b
1233,Kepler-57 c
1234,Kepler-212 b
1235,Kepler-221 e
1236,Kepler-1641 c
1237,Kepler-189 c
1238,Kepler-160 b
1239,Kepler-26 b
1240,Kepler-68 b
1241,Kepler-572 b
1242,Kepler-223 d
1243,Kepler-646 b
1244,Kepler-208 b
1245,Kepler-161 b
1246,Kepler-1587 b
1247,Kepler-1588 b
1248,Kepler-1589 b
1249,Kepler-1613 b
1250,Kepler-767 b
1251,Kepler-229 b
1252,Kepler-573 b
1253,Kepler-208 d
1254,Kepler-161 c
1255,Kepler-216 b
1256,Kepler-1611 b
1257,Kepler-1618 b
1258,Kepler-1614 b
1259,Kepler-1612 b
1260,Kepler-1631 b
1261,Kepler-1615 b
1262,Kepler-220 b
1263,Kepler-1632 b
1264,Kepler-1639 b
1265,Kepler-208 e
1266,Kepler-209 c
1267,Kepler-1517 b
1268,Kepler-221 b
1269,Kepler-656 c
1270,Kepler-184 d
1271,CoRoT-7 c
1272,Kepler-1711 b
1273,Kepler-1630 b
1274,Kepler-769 b
1275,Kepler-241 c
1276,Kepler-1649 b
1277,Kepler-1653 b
1278,TOI-2236 b
1279,TOI-3023 b
1280,TOI-2207 b
1281,TOI-2076 b
1282,WASP-167 b
1283,TOI-733 b
1284,Kepler-191 d
1285,Kepler-650 b
1286,Kepler-1731 b
1287,HATS-4 b
1288,WASP-140 b
1289,HATS-13 b
1290,HD 23472 e
1291,Kepler-195 c
1292,Kepler-758 e
1293,Kepler-60 d
1294,Kepler-242 c
1295,Kepler-1742 b
1296,KOI-984 c
1297,Kepler-1322 b
1298,OGLE-2019-BLG-0362L b
1299,Kepler-1793 b
1300,Kepler-1880 b
1301,HD 216520 c
1302,Kepler-1825 b
1303,Kepler-1798 b
1304,Kepler-1951 b
1305,Kepler-172 c
1306,Kepler-126 b
1307,Kepler-9 d
1308,LHS 1815 b
1309,Kepler-704 b
1310,Kepler-706 b
1311,Kepler-707 b
1312,Kepler-724 b
1313,Kepler-1678 b
1314,Kepler-567 b
1315,Kepler-327 c
1316,Kepler-322 b
1317,Kepler-313 b
1318,Kepler-301 d
1319,Kepler-296 f
1320,Kepler-11 f
1321,Kepler-301 b
1322,Kepler-275 b
1323,Kepler-285 b
1324,Kepler-287 b
1325,Kepler-288 b
1326,Kepler-150 e
1327,K2-212 b
1328,Kepler-323 c
1329,Kepler-5 b
1330,Kepler-205 b
1331,HAT-P-8 b
1332,K2-263 b
1333,HIP 41378 c
1334,HIP 41378 e
1335,TOI-3819 b
1336,TOI-836 b
1337,TOI-3976 A b
1338,HD 191939 e
1339,GJ 3473 b
1340,Kepler-1720 b
1341,Kepler-276 d
1342,Kepler-244 d
1343,Kepler-245 b
1344,Kepler-212 c
1345,Kepler-214 c
1346,Kepler-215 b
1347,Kepler-217 c
1348,Kepler-229 d
1349,Kepler-23 d
1350,Kepler-11 d
1351,Kepler-1456 b
1352,Kepler-31 b
1353,Kepler-102 d
1354,Kepler-62 d
1355,Kepler-326 d
1356,Kepler-238 c
1357,Kepler-245 c
1358,Kepler-206 c
1359,Kepler-208 c
1360,Kepler-216 c
1361,Kepler-224 c
1362,Kepler-224 d
1363,Kepler-243 c
1364,Kepler-232 b
1365,Kepler-245 d
1366,Kepler-230 c
1367,Kepler-24 b
1368,Kepler-127 b
1369,Kepler-24 d
1370,Kepler-246 b
1371,Kepler-246 c
1372,Kepler-256 d
1373,HAT-P-11 b
1374,Kepler-262 c
1375,Kepler-1472 b
1376,Kepler-228 c
1377,Kepler-230 b
1378,Kepler-254 c
1379,Kepler-255 b
1380,Kepler-256 b
1381,Kepler-257 b
1382,Kepler-257 d
1383,Kepler-258 b
1384,Kepler-259 c
1385,Kepler-62 c
1386,Kepler-254 b
1387,Kepler-265 b
1388,Kepler-267 c
1389,Kepler-1477 b
1390,Kepler-306 e
1391,Kepler-1473 b
1392,Kepler-231 c
1393,Kepler-265 e
1394,Kepler-292 b
1395,Kepler-271 c
1396,Kepler-271 d
1397,Kepler-286 c
1398,Kepler-286 e
1399,Kepler-271 b
1400,Kepler-272 b
1401,Kepler-278 b
1402,Kepler-292 c
1403,Kepler-282 b
1404,Kepler-293 b
1405,Kepler-275 d
1406,Kepler-280 c
1407,Kepler-282 c
1408,Kepler-282 d
1409,Kepler-283 b
1410,Kepler-295 d
1411,Kepler-289 c
1412,Kepler-1417 b
1413,Kepler-1474 b
1414,Kepler-293 c
1415,Kepler-302 b
1416,Kepler-294 b
1417,Kepler-295 c
1418,Kepler-58 b
1419,Kepler-291 b
1420,Kepler-298 b
1421,HAT-P-66 b
1422,TOI-1136 c
1423,ROXs 12 b
1424,Kepler-453 b
1425,Kepler-481 b
1426,Kepler-484 b
1427,Kepler-392 c
1428,GJ 273 c
1429,Kepler-479 b
1430,Kepler-498 b
1431,Kepler-461 b
1432,Kepler-489 b
1433,K2-260 b
1434,Kepler-334 d
1435,Kepler-335 c
1436,Kepler-336 d
1437,Kepler-337 c
1438,Kepler-339 d
1439,Kepler-342 b
1440,Kepler-343 c
1441,Kepler-344 c
1442,Kepler-35 b
1443,Kepler-357 d
1444,Kepler-472 b
1445,Kepler-499 b
1446,Kepler-348 b
1447,Kepler-349 c
1448,Kepler-332 d
1449,Kepler-377 c
1450,Kepler-350 d
1451,Kepler-1590 b
1452,Kepler-355 b
1453,Kepler-355 c
1454,Kepler-350 b
1455,Kepler-341 d
1456,Kepler-345 c
1457,Kepler-1492 b
1458,Kepler-65 c
1459,Kepler-65 d
1460,Kepler-373 b
1461,Kepler-373 c
1462,Kepler-1508 b
1463,Kepler-371 b
1464,Kepler-383 b
1465,Kepler-383 c
1466,Kepler-365 b
1467,Kepler-404 b
1468,Kepler-387 b
1469,Kepler-387 c
1470,Kepler-388 b
1471,Kepler-388 c
1472,Kepler-354 d
1473,K2-38 b
1474,HATS-41 b
1475,CoRoT-20 c
1476,K2-117 b
1477,Kepler-431 c
1478,Kepler-414 b
1479,WASP-37 b
1480,Kepler-1868 b
1481,Kepler-522 b
1482,Kepler-488 b
1483,Kepler-411 e
1484,Kepler-44 b
1485,Kepler-421 b
1486,Kepler-369 c
1487,WASP-54 b
1488,WASP-187 b
1489,Kepler-445 c
1490,Kepler-358 c
1491,Kepler-47 c
1492,Kepler-717 b
1493,Kepler-721 b
1494,Kepler-449 c
1495,TOI-198 b
1496,WASP-180 A b
1497,WASP-189 b
1498,GJ 357 c
1499,HD 73583 b
1500,Kepler-63 b
1501,K2-295 b
1502,WASP-81 b
1503,HD 95086 b
1504,rho CrB c
1505,K2-266 b
1506,HAT-P-24 b
1507,K2-100 b
1508,Kepler-714 b
1509,Kepler-69 b
1510,Kepler-813 b
1511,Kepler-702 b
1512,Kepler-711 b
1513,Kepler-673 b
1514,Kepler-674 b
1515,Kepler-694 b
1516,Kepler-675 b
1517,Kepler-715 b
1518,Kepler-693 b
1519,K2-113 b
1520,Kepler-530 b
1521,Kepler-54 b
1522,Kepler-540 b
1523,WASP-25 b
1524,HATS-35 b
1525,Kepler-55 c
1526,Kepler-523 b
1527,Kepler-525 b
1528,Kepler-788 b
1529,Kepler-743 b
1530,Kepler-844 b
1531,Kepler-845 b
1532,Kepler-848 b
1533,Kepler-827 b
1534,Kepler-828 b
1535,Kepler-48 d
1536,Kepler-483 b
1537,Kepler-107 b
1538,TOI-3984 A b
1539,NGTS-23 b
1540,HD 20329 b
1541,Kepler-516 b
1542,Kepler-524 b
1543,Kepler-524 c
1544,Kepler-737 b
1545,Kepler-738 b
1546,Kepler-741 b
1547,Kepler-764 b
1548,Kepler-789 b
1549,Kepler-745 b
1550,Kepler-758 d
1551,Kepler-770 d
1552,Kepler-82 f
1553,Kepler-746 b
1554,Kepler-796 b
1555,Kepler-765 b
1556,Kepler-542 b
1557,Kepler-1996 b
1558,Kepler-81 c
1559,Kepler-810 b
1560,Kepler-80 b
1561,Kepler-758 b
1562,Kepler-80 f
1563,Kepler-553 c
1564,Kepler-766 b
1565,Kepler-770 c
1566,Kepler-778 b
1567,TOI-2977 b
1568,Kepler-1987 d
1569,Kepler-1987 e
1570,Kepler-549 b
1571,Kepler-801 b
1572,Kepler-744 b
1573,Kepler-283 c
1574,Kepler-830 b
1575,Kepler-797 b
1576,Kepler-758 c
1577,Kepler-798 b
1578,Kepler-1901 b
1579,Kepler-1667 b
1580,Kepler-1311 d
1581,Kepler-593 b
1582,Kepler-831 b
1583,Kepler-581 b
1584,Kepler-585 b
1585,Kepler-59 c
1586,Kepler-591 b
1587,TOI-530 b
1588,Kepler-812 b
1589,Kepler-651 b
1590,Kepler-790 b
1591,Kepler-615 b
1592,Kepler-793 b
1593,Kepler-794 b
1594,Kepler-802 b
1595,Kepler-825 b
1596,Kepler-284 c
1597,Kepler-679 b
1598,Kepler-777 b
1599,Kepler-611 b
1600,Kepler-637 b
1601,Kepler-639 b
1602,Kepler-760 b
1603,Kepler-814 b
1604,Kepler-605 c
1605,Kepler-805 b
1606,CoRoT-6 b
1607,Kepler-712 b
1608,Kepler-722 b
1609,Kepler-680 b
1610,Kepler-85 e
1611,Kepler-1811 b
1612,Kepler-618 b
1613,Kepler-769 c
1614,Kepler-277 c
1615,Kepler-712 c
1616,Kepler-887 b
1617,Kepler-701 b
1618,Kepler-740 b
1619,Kepler-696 b
1620,BD+14 4559 b
1621,Kepler-653 c
1622,TOI-1221 b
1623,Kepler-1869 b
1624,Kepler-66 b
1625,Kepler-682 b
1626,Kepler-815 b
1627,Kepler-82 c
1628,Kepler-834 b
1629,Kepler-907 b
1630,Kepler-850 b
1631,Kepler-930 b
1632,Kepler-978 b
1633,Kepler-979 b
1634,KIC 8540376 c
1635,Kepler-1686 b
1636,Kepler-963 b
1637,Kepler-752 b
1638,Kepler-755 b
1639,Kepler-774 b
1640,Kepler-808 b
1641,Kepler-748 b
1642,Kepler-772 b
1643,Kepler-776 b
1644,Kepler-795 b
1645,Kepler-804 c
1646,Kepler-967 c
1647,Kepler-968 c
1648,Kepler-734 b
1649,Kepler-750 b
1650,Kepler-750 c
1651,Kepler-757 b
1652,Kepler-761 b
1653,Kepler-1801 c
1654,NGC 2682 YBP 1194 b
1655,Kepler-869 b
1656,Kepler-81 b
1657,Kepler-877 b
1658,Kepler-932 b
1659,CoRoT-25 b
1660,Kepler-779 b
1661,Kepler-878 b
1662,Kepler-92 d
1663,Kepler-824 b
1664,Kepler-879 b
1665,Kepler-818 b
1666,Kepler-914 b
1667,Kepler-857 b
1668,Kepler-851 b
1669,Kepler-807 b
1670,Kepler-826 b
1671,Kepler-927 b
1672,Kepler-862 b
1673,OGLE-2008-BLG-092L b
1674,Kepler-836 b
1675,Kepler-860 b
1676,Kepler-873 b
1677,Kepler-874 b
1678,Kepler-936 b
1679,Kepler-863 b
1680,Kepler-915 b
1681,Kepler-1987 b
1682,Kepler-951 b
1683,Kepler-82 b
1684,Kepler-867 b
1685,Kepler-833 b
1686,Kepler-870 b
1687,Kepler-1610 c
1688,14 And b
1689,Kepler-1491 b
1690,Kepler-905 b
1691,Kepler-887 c
1692,CoRoT-1 b
1693,Kepler-871 b
1694,Kepler-894 b
1695,Kepler-90 i
1696,Kepler-882 b
1697,Kepler-883 b
1698,Kepler-92 b
1699,Kepler-920 b
1700,Kepler-929 b
1701,Kepler-47 b
1702,Kepler-901 b
1703,Kepler-903 b
1704,Kepler-937 b
1705,Kepler-933 b
1706,Kepler-934 b
1707,Kepler-947 b
1708,Kepler-940 b
1709,Kepler-912 b
1710,Kepler-917 b
1711,Kepler-920 c
1712,Kepler-96 b
1713,Kepler-967 b
1714,Kepler-85 d
1715,Kepler-747 b
1716,Kepler-835 b
1717,TOI-1338 b
1718,Kepler-435 b
1719,HAT-P-17 c
1720,WASP-126 c
1721,KELT-15 b
1722,WASP-32 b
1723,TRAPPIST-1 c
1724,Kepler-1656 c
1725,psi1 Dra B b
1726,TOI-1749 d
1727,TOI-2025 b
1728,TOI-1296 b
1729,TOI-1749 b
1730,GJ 649 b
1731,HD 114783 b
1732,TOI-199 c
1733,WASP-79 b
1734,HD 16905 b
1735,HD 221420 b
1736,KMT-2022-BLG-0371L b
1737,WASP-148 c
1738,TYC 2187-512-1 b
1739,USco1621 b
1740,Kepler-983 b
1741,Kepler-987 b
1742,Kepler-989 b
1743,Kepler-997 b
1744,Kepler-991 b
1745,HAT-P-29 b
1746,HAT-P-58 b
1747,TOI-1107 b
1748,GPX-1 b
1749,Kepler-102 c
1750,HIP 41378 d
1751,HD 205158 b
1752,XO-6 b
1753,GJ 1151 c
1754,MOA-2008-BLG-310L b
1755,Kepler-809 b
1756,Kepler-941 b
1757,HAT-P-44 b
1758,Kepler-97 b
1759,Kepler-972 b
1760,Kepler-973 b
1761,Kepler-990 c
1762,Kepler-998 b
1763,MOA-2012-BLG-505L b
1764,Kepler-959 b
1765,Kepler-888 b
1766,Kepler-994 b
1767,Kepler-966 b
1768,NY Vir b
1769,NY Vir c
1770,MOA-2011-BLG-322L b
1771,MOA-2015-BLG-337L b
1772,OGLE-2011-BLG-0265L b
1773,Kepler-760 c
1774,MOA-2012-BLG-006L b
1775,NGC 2682 Sand 364 b
1776,HD 20781 d
1777,OGLE-2019-BLG-1470L AB c
1778,TOI-1298 b
1779,TOI-2081 b
1780,TOI-4010 d
1781,WASP-186 b
1782,HD 27894 c
1783,HD 30177 c
1784,HD 60292 b
1785,OGLE-2013-BLG-0911L b
1786,OGLE-2013-BLG-0341L B b
1787,Kepler-464 b
1788,Kepler-993 b
1789,OGLE-2005-BLG-390L b
1790,Kepler-952 b
1791,Kepler-855 b
1792,TOI-2152 A b
1793,Kepler-1043 b
1794,OGLE-2013-BLG-0132L b
1795,OGLE-TR-211 b
1796,TOI-5293 A b
1797,Kepler-1027 b
1798,GJ 896 A b
1799,K2-411 b
1800,Oph 11 b
1801,TYC 1422-614-1 b
1802,PSR B1257+12 c
1803,PSR B1257+12 d
1804,TYC 1422-614-1 c
1805,TYC 4282-00605-1 b
1806,SWEEPS-11 b
1807,Kepler-1321 d
1808,YZ Cet b
1809,Kepler-127 d
1810,Kepler-37 b
1811,Kepler-895 b
1812,Kepler-447 b
1813,WASP-192 b
1814,HATS-29 b
1815,GJ 1132 b
1816,TRAPPIST-1 d
1817,TRAPPIST-1 f
1818,KMT-2021-BLG-0171L b
1819,OGLE-2018-BLG-0740L b
1820,HD 33142 b
1821,WASP-14 b
1822,Kepler-249 c
1823,Kepler-25 d
1824,Kepler-49 e
1825,NGTS-5 b
1826,HD 191939 b
1827,Kepler-62 f
1828,Kepler-266 b
1829,K2-243 b
1830,Kepler-197 b
1831,EPIC 201615463 c
1832,HD 128356 b
1833,GJ 667 C g
1834,HD 215152 c
1835,K2-185 b
1836,KMT-2019-BLG-1715L b
1837,GJ 3082 b
1838,TOI-3757 b
1839,TOI-4582 b
1840,TOI-5174 b
1841,HATS-6 b
1842,K2-32 e
1843,HD 141937 b
1844,HD 162020 b
1845,TYC 8998-760-1 b
1846,GJ 1002 b
1847,47 UMa d
1848,K2-5 c
1849,HD 33142 c
1850,GJ 3323 c
1851,HD 183263 c
1852,HD 108202 b
1853,WASP-68 b
1854,HATS-23 b
1855,K2-29 b
1856,Kepler-1515 b
1857,Kepler-603 b
1858,KOI-13 b
1859,alf Tau b
1860,HD 87646 b
1861,GJ 625 b
1862,Wolf 1061 c
1863,HD 105779 b
1864,Kepler-9 b
1865,HAT-P-26 b
1866,WASP-43 b
1867,WASP-63 b
1868,WASP-69 b
1869,GJ 9827 b
1870,GJ 9827 c
1871,GJ 9827 d
1872,LHS 3844 b
1873,GJ 367 b
1874,TOI-1420 b
1875,GJ 367 c
1876,GJ 367 d
1877,L 98-59 e
1878,GJ 9714 b
1879,HD 156279 b
1880,HD 156279 c
1881,HD 31527 d
1882,K2-225 b
1883,HD 41004 B b
1884,FU Tau b
1885,Kepler-775 b
1886,BD+03 2562 b
1887,GJ 682 b
1888,HAT-P-46 b
1889,2MASS J12073346-3932539 b
1890,HD 147873 c
1891,BD+20 2457 b
1892,OGLE-2018-BLG-0298L b
1893,HAT-P-57 b
1894,AF Lep b
1895,HD 117207 b
1896,HD 215152 e
1897,KMT-2021-BLG-1372L b
1898,TIC 257060897 b
1899,TOI-1246 e
1900,TOI-1259 A b
1901,HD 15906 c
1902,GJ 680 b
1903,KELT-9 b
1904,KELT-20 b
1905,HD 75302 b
1906,HIP 97166 b
1907,Kepler-858 b
1908,TOI-1272 b
1909,LP 791-18 b
1910,TOI-776 c
1911,LTT 3780 c
1912,OGLE-2018-BLG-0977L b
1913,HD 8535 b
1914,GJ 876 b
1915,Kepler-685 b
1916,Kepler-76 b
1917,HD 86081 b
1918,TOI-1235 b
1919,Kepler-138 e
1920,Kepler-138 b
1921,Kepler-138 c
1922,AU Mic b
1923,Kepler-138 d
1924,AU Mic c
1925,TOI-5126 b
1926,TOI-5126 c
1927,HIP 66074 b
1928,Kepler-1513 c
1929,GJ 724 b
1930,GJ 3988 b
1931,Kepler-1513 b
1932,HIP 70849 b
1933,TOI-332 b
1934,WASP-117 b
1935,Kepler-1169 b
1936,TOI-674 b
1937,Kepler-1150 b
1938,TOI-1246 d
1939,WD 1856+534 b
1940,HIP 9618 b
1941,TOI-4010 b
1942,HD 66141 b
1943,HD 95127 b
1944,OGLE-TR-56 b
1945,TOI-628 b
1946,TOI-4562 b
1947,HD 69830 c
1948,HD 69830 d
1949,Kepler-117 b
1950,Kepler-1061 b
1951,Kepler-1062 b
1952,Kepler-1087 b
1953,Kepler-110 b
1954,HIP 14810 c
1955,Kepler-1129 b
1956,Kepler-117 c
1957,Kepler-1396 b
1958,Kepler-1200 b
1959,Kepler-1343 b
1960,Kepler-1210 b
1961,Kepler-1399 b
1962,Kepler-1388 c
1963,Kepler-110 c
1964,Kepler-1167 b
1965,Kepler-1293 b
1966,Kepler-1296 b
1967,Kepler-1201 b
1968,Kepler-1400 b
1969,Kepler-1091 b
1970,Kepler-1081 b
1971,Kepler-1401 b
1972,Kepler-1104 b
1973,Kepler-1166 b
1974,Kepler-1124 b
1975,Kepler-272 d
1976,Kepler-1407 b
1977,HIP 109600 b
1978,Kepler-1154 c
1979,Kepler-1388 e
1980,Kepler-1125 b
1981,Kepler-1413 b
1982,Kepler-1086 c
1983,Kepler-296 b
1984,Kepler-1012 b
1985,Kepler-299 e
1986,Kepler-1509 b
1987,Kepler-1080 b
1988,Kepler-304 b
1989,Kepler-1506 b
1990,Kepler-1342 b
1991,Kepler-1024 b
1992,Kepler-319 c
1993,Kepler-172 d
1994,Kepler-176 d
1995,Kepler-179 c
1996,Kepler-318 b
1997,Kepler-304 e
1998,Kepler-181 c
1999,Kepler-296 c
2000,Kepler-319 d
2001,Kepler-318 c
2002,Kepler-1650 b
2003,Kepler-317 c
2004,Kepler-213 c
2005,WASP-21 b
2006,OGLE-2019-BLG-0468L b
2007,Kepler-125 b
2008,Kepler-319 b
2009,Kepler-1025 b
2010,Kepler-1478 b
2011,Kepler-1481 b
2012,Kepler-1485 b
2013,Kepler-50 c
2014,Kepler-316 c
2015,Kepler-390 b
2016,TOI-5542 b
2017,OGLE-2018-BLG-1269L b
2018,TOI-969 b
2019,HD 124330 b
2020,Kepler-374 c
2021,HIP 38594 b
2022,HD 140901 b
2023,TRAPPIST-1 b
2024,HD 140901 c
2025,K2-138 b
2026,Kepler-617 b
2027,Kepler-378 c
2028,Kepler-279 b
2029,Kepler-532 b
2030,Kepler-526 b
2031,Kepler-346 b
2032,Kepler-379 c
2033,Kepler-625 b
2034,Kepler-1556 b
2035,Kepler-648 b
2036,Kepler-642 b
2037,Kepler-398 d
2038,Kepler-625 c
2039,Kepler-226 d
2040,Kepler-649 b
2041,TOI-2018 b
2042,HD 191939 f
2043,HAT-P-59 b
2044,TOI-1670 b
2045,TOI-1246 b
2046,TOI-4010 e
2047,Kepler-620 b
2048,Kepler-361 c
2049,Kepler-359 c
2050,TOI-3364 b
2051,TOI-2803 A b
2052,HD 86226 b
2053,K2-79 b
2054,K2-12 b
2055,Kepler-21 b
2056,WASP-24 b
2057,GJ 328 c
2058,Kepler-686 b
2059,Kepler-158 c
2060,KMT-2018-BLG-0030L b
2061,61 Vir d
2062,Kepler-496 b
2063,Kepler-445 d
2064,K2-353 b
2065,WASP-113 b
2066,KMT-2021-BLG-0909L b
2067,WASP-131 b
2068,Kepler-1651 b
2069,Kepler-497 b
2070,Kepler-398 c
2071,Kepler-533 b
2072,Kepler-374 d
2073,Kepler-555 b
2074,Kepler-559 b
2075,HD 112300 b
2076,V1298 Tau d
2077,OGLE-2019-BLG-0468L c
2078,Kepler-50 b
2079,Kepler-273 c
2080,Kepler-543 b
2081,Kepler-847 b
2082,Kepler-88 d
2083,Kepler-275 c
2084,Kepler-564 b
2085,Kepler-83 b
2086,Kepler-884 b
2087,Kepler-885 b
2088,Kepler-274 c
2089,Kepler-921 b
2090,Kepler-958 b
2091,Kepler-841 b
2092,61 Vir b
2093,Kepler-891 b
2094,Kepler-899 b
2095,Kepler-939 b
2096,Kepler-908 b
2097,HD 20781 e
2098,HD 220773 b
2099,Kepler-664 b
2100,Kepler-97 c
2101,Kepler-889 b
2102,Kepler-909 b
2103,Kepler-872 b
2104,K2-167 b
2105,Kepler-565 b
2106,Kepler-80 d
2107,Kepler-55 d
2108,Kepler-83 c
2109,Kepler-832 b
2110,Kepler-450 d
2111,Kepler-561 b
2112,Kepler-800 b
2113,Kepler-84 f
2114,Kepler-552 b
2115,Kepler-816 b
2116,Kepler-965 b
2117,Kepler-562 b
2118,Kepler-822 b
2119,Kepler-563 b
2120,Kepler-948 b
2121,Kepler-943 b
2122,Kepler-852 b
2123,Kepler-964 b
2124,Kepler-1683 b
2125,Kepler-1701 b
2126,Kepler-1718 b
2127,Kepler-1728 b
2128,Kepler-1730 b
2129,TOI-942 c
2130,Kepler-968 b
2131,Kepler-1050 b
2132,Kepler-1154 b
2133,DP Leo b
2134,HATS-47 b
2135,HATS-53 b
2136,HATS-59 c
2137,HD 196067 b
2138,HIP 29442 d
2139,TOI-615 b
2140,Kepler-236 c
2141,Kepler-26 d
2142,Kepler-205 c
2143,Kepler-18 c
2144,KELT-1 b
2145,HD 89839 b
2146,L 98-59 c
2147,Kepler-49 d
2148,Kepler-18 d
2149,Kepler-723 b
2150,Qatar-3 b
2151,KMT-2016-BLG-2397L b
2152,Kepler-1976 b
2153,TOI-4406 b
2154,OGLE-2018-BLG-1119L b
2155,Kepler-1052 b
2156,BD+20 2457 c
2157,TOI-2338 b
2158,DMPP-2 b
2159,Kepler-866 b
2160,Kepler-853 b
2161,CoRoT-24 c
2162,TOI-1601 b
2163,HIP 97166 c
2164,KMT-2021-BLG-1554L b
2165,CoRoT-10 b
2166,HD 97048 b
2167,Kepler-256 e
2168,DH Tau b
2169,DMPP-1 c
2170,DMPP-1 d
2171,Kepler-1222 b
2172,KOI-1831 d
2173,KOI-984 b
2174,Kepler-1130 c
2175,Kepler-129 b
2176,BD+20 274 b
2177,Kepler-1056 b
2178,TOI-2669 b
2179,TOI-5238 b
2180,TOI-2818 b
2181,WASP-110 b
2182,Kepler-1655 b
2183,OGLE-2018-BLG-1647L b
2184,Kepler-109 c
2185,Kepler-409 b
2186,Kepler-898 b
2187,HD 93351 b
2188,HD 111232 b
2189,WD 0806-661 b
2190,HD 16175 b
2191,NGTS-6 b
2192,WASP-156 b
2193,WASP-159 b
2194,WASP-161 b
2195,WASP-164 b
2196,HATS-64 b
2197,HATS-69 b
2198,GJ 317 b
2199,GJ 317 c
2200,GJ 581 c
2201,GJ 86 b
2202,HD 117618 b
2203,HD 12484 b
2204,GJ 876 d
2205,GJ 96 b
2206,TOI-2445 b
2207,HATS-14 b
2208,HATS-16 b
2209,WASP-13 b
2210,K2-417 b
2211,TOI-4479 b
2212,Kepler-75 b
2213,WASP-10 b
2214,WASP-36 b
2215,WASP-48 b
2216,HD 97658 b
2217,Kepler-104 c
2218,Kepler-11 b
2219,TOI-1260 b
2220,HAT-P-67 b
2221,Kepler-68 d
2222,Qatar-6 b
2223,TOI-1478 b
2224,HD 209458 b
2225,HD 73256 c
2226,HD 165131 b
2227,HD 185283 b
2228,TOI-1685 b
2229,GJ 9066 c
2230,K2-3 b
2231,K2-326 b
2232,OGLE-2018-BLG-0932L b
2233,Kepler-43 b
2234,Kepler-77 b
2235,Kepler-785 b
2236,K2-413 b
2237,HIP 41378 f
2238,HD 44219 b
2239,GJ 357 d
2240,TIC 279401253 b
2241,TOI-270 d
2242,TOI-5678 b
2243,TOI-1470 c
2244,TIC 279401253 c
2245,WASP-119 b
2246,HD 219666 b
2247,HD 28109 b
2248,HD 95338 b
2249,Kepler-1471 c
2250,Kepler-1487 c
2251,Kepler-1814 c
2252,TOI-421 c
2253,TOI-1468 b
2254,HD 142415 b
2255,HD 166724 b
2256,HD 145377 b
2257,K2-266 d
2258,WASP-176 b
2259,HD 115404 A b
2260,HD 81817 c
2261,L 98-59 b
2262,L 98-59 d
2263,HD 133131 A c
2264,HD 177830 b
2265,V1298 Tau c
2266,WASP-181 b
2267,HD 10647 b
2268,HD 240210 b
2269,HD 1397 b
2270,HD 114613 b
2271,K2-28 b
2272,TOI-216.02
2273,DS Tuc A b
2274,HD 108236 d
2275,WASP-15 b
2276,WASP-77 A b
2277,HATS-24 b
2278,HATS-33 b
2279,HD 190360 c
2280,HD 66428 c
2281,TOI-622 b
2282,MOA-2022-BLG-249L b
2283,TOI-4184 b
2284,HD 13167 b
2285,HD 134987 c
2286,GJ 514 b
2287,HD 136418 b
2288,HD 13808 c
2289,GJ 676 A b
2290,GJ 676 A c
2291,HD 11343 c
2292,HD 18143 b
2293,HD 18143 c
2294,HD 176986 b
2295,HD 181433 d
2296,HD 141399 c
2297,HD 204313 b
2298,HD 217786 b
2299,HD 11506 c
2300,HD 159868 b
2301,HD 39855 b
2302,HD 16141 b
2303,HD 103949 b
2304,HAT-P-2 b
2305,HAT-P-2 c
2306,HD 147873 b
2307,HD 148427 b
2308,HD 152079 b
2309,HD 154672 b
2310,HD 154857 b
2311,KELT-11 b
2312,Kepler-102 e
2313,Kepler-11 g
2314,TOI-1634 c
2315,HD 215497 b
2316,Kepler-126 d
2317,Kepler-20 g
2318,Kepler-32 b
2319,Kepler-32 c
2320,HAT-P-54 b
2321,Kepler-422 b
2322,HIP 67537 b
2323,HD 10697 b
2324,HIP 56640 b
2325,HD 108147 b
2326,HD 153950 b
2327,HD 108874 b
2328,55 Cnc e
2329,YSES 2 b
2330,HD 163607 c
2331,HD 109271 b
2332,HD 13908 b
2333,HD 101930 b
2334,HD 113538 c
2335,HD 1605 b
2336,HD 215152 b
2337,HD 116029 b
2338,HD 188015 b
2339,GJ 393 b
2340,HD 74156 c
2341,HD 18015 b
2342,HD 192310 b
2343,Kepler-1530 b
2344,Kepler-1685 b
2345,Kepler-1694 b
2346,HD 110537 b
2347,HD 4113 b
2348,HD 73267 c
2349,HD 141004 b
2350,HD 171238 b
2351,HD 11964 c
2352,HD 164604 b
2353,HD 21693 c
2354,HD 143105 b
2355,HD 1461 c
2356,HD 147018 c
2357,HD 148156 b
2358,HD 1666 b
2359,GJ 414 A c
2360,HD 27894 d
2361,HD 219828 c
2362,Kepler-45 b
2363,TOI-3688 A b
2364,Kepler-411 c
2365,TOI-1789 b
2366,TOI-1266 b
2367,TOI-2260 b
2368,Kepler-548 b
2369,WASP-174 b
2370,HAT-P-60 b
2371,TOI-2158 b
2372,Kepler-16 b
2373,K2-148 c
2374,TOI-5205 b
2375,HAT-P-17 b
2376,L 168-9 b
2377,HD 207832 c
2378,HD 133131 B b
2379,14 Her b
2380,HD 132563 b
2381,2MASS J22362452+4751425 b
2382,HD 208897 b
2383,TOI-858 B b
2384,HATS-68 b
2385,WASP-124 b
2386,WASP-126 b
2387,WASP-120 b
2388,WASP-151 b
2389,b Cen AB b
2390,CoRoT-28 b
2391,HD 24040 c
2392,K2-264 b
2393,K2-315 b
2394,DMPP-1 e
2395,GJ 160.2 b
2396,HAT-P-44 c
2397,HAT-P-9 b
2398,HATS-18 b
2399,HD 23472 c
2400,HD 23472 b
2401,HD 22532 b
2402,Kepler-1669 c
2403,Kepler-1859 b
2404,TOI-1266 c
2405,TOI-2000 c
2406,WASP-84 b
2407,TOI-4010 c
2408,TOI-4329 b
2409,Kepler-493 b
2410,Kepler-506 b
2411,HATS-62 b
2412,HATS-65 b
2413,HD 134060 b
2414,GJ 682 c
2415,Kepler-1658 b
2416,Kepler-74 b
2417,K2-395 c
2418,Kepler-1468 b
2419,HD 34445 c
2420,HD 38283 b
2421,HD 40956 b
2422,HD 40979 b
2423,HU Aqr AB c
2424,K2-101 b
2425,K2-104 b
2426,K2-130 b
2427,K2-133 e
2428,K2-183 b
2429,16 Cyg B b
2430,HN Peg b
2431,HATS-43 b
2432,HATS-39 b
2433,HATS-48 A b
2434,HATS-59 b
2435,KMT-2018-BLG-0247L b
2436,Kepler-46 c
2437,V1298 Tau e
2438,Kepler-14 b
2439,Kepler-109 b
2440,K2-36 c
2441,HD 28109 d
2442,TOI-2567 b
2443,Kepler-454 b
2444,GJ 3470 b
2445,CoRoT-2 b
2446,HAT-P-1 b
2447,GJ 832 b
2448,HD 62364 b
2449,HIP 19976 b
2450,HIP 29442 b
2451,Kepler-20 b
2452,TOI-3785 b
2453,TOI-1181 b
2454,HR 8799 b
2455,HR 8799 e
2456,K2-241 b
2457,Kepler-1112 b
2458,K2-11 b
2459,K2-133 c
2460,Kepler-1767 b
2461,Kepler-1140 b
2462,K2-223 c
2463,TOI-1899 b
2464,Qatar-10 b
2465,Qatar-2 b
2466,HATS-51 b
2467,Kepler-1002 b
2468,Kepler-1003 b
2469,Kepler-1005 b
2470,Kepler-1008 b
2471,K2-224 c
2472,HD 174205 b
2473,Kepler-1756 b
2474,K2-230 b
2475,Kepler-1092 b
2476,Kepler-1094 b
2477,K2-233 d
2478,K2-288 B b
2479,WASP-138 b
2480,WASP-165 b
2481,Kepler-49 b
2482,Kepler-49 c
2483,Kepler-93 b
2484,WASP-33 b
2485,WASP-141 b
2486,K2-156 b
2487,K2-158 b
2488,K2-239 d
2489,Kepler-1748 b
2490,Kepler-1754 b
2491,K2-37 b
2492,TOI-237 b
2493,HD 23472 f
2494,WASP-166 b
2495,HAT-P-32 b
2496,HAT-P-7 b
2497,HD 135625 b
2498,HD 169830 b
2499,WASP-12 b
2500,TOI-908 b
2501,HATS-63 b
2502,TrES-2 b
2503,Qatar-1 b
2504,WASP-52 b
2505,K2-16 c
2506,K2-172 c
2507,K2-176 b
2508,K2-37 d
2509,K2-187 c
2510,K2-189 b
2511,K2-270 b
2512,K2-270 c
2513,K2-272 b
2514,K2-44 b
2515,K2-46 b
2516,Kepler-1096 b
2517,K2-58 b
2518,K2-58 d
2519,K2-62 b
2520,Kepler-1120 b
2521,KOI-1783.02
2522,K2-62 c
2523,K2-63 b
2524,HD 191939 c
2525,HD 62364 c
2526,HD 104067 b
2527,HIP 54597 b
2528,TrES-3 b
2529,WASP-4 b
2530,HD 111998 b
2531,HD 110113 c
2532,K2-36 b
2533,Kepler-78 b
2534,Wolf 503 b
2535,K2-414 b
2536,HATS-60 b
2537,WASP-173 A b
2538,K2-70 b
2539,Kepler-19 d
2540,Kepler-26 c
2541,Kepler-1015 b
2542,K2-80 d
2543,K2-81 b
2544,Kepler-1016 b
2545,KOI-351 c
2546,KOI-351 e
2547,K2-71 b
2548,K2-72 c
2549,K2-83 c
2550,Kepler-450 b
2551,Kepler-65 e
2552,WASP-57 b
2553,WASP-98 b
2554,KOI-94 d
2555,Kepler-102 f
2556,Kepler-22 b
2557,KMT-2018-BLG-0087L b
2558,Kepler-1017 b
2559,Kepler-1018 b
2560,Kepler-100 b
2561,Kepler-1000 b
2562,HD 98736 b
2563,HIP 35173 b
2564,Kepler-856 b
2565,TOI-1333 b
2566,Kepler-65 b
2567,XO-2 S c
2568,WASP-107 c
2569,WASP-31 b
2570,XO-2 S b
2571,gam Lib c
2572,HD 100777 b
2573,GJ 3222 b
2574,HD 114783 c
2575,GJ 338 B b
2576,mu2 Sco b
2577,Kepler-1086 b
2578,Kepler-1089 b
2579,HD 218566 b
2580,HD 221287 b
2581,HD 222076 b
2582,HD 222582 b
2583,HD 224693 b
2584,HD 87883 b
2585,HD 45350 b
2586,HD 47186 b
2587,HD 60532 b
2588,K2-175 b
2589,K2-177 b
2590,HD 82886 b
2591,HD 82943 b
2592,HD 83443 b
2593,K2-205 b
2594,K2-207 b
2595,HD 29399 b
2596,HD 22781 b
2597,HD 231701 b
2598,HD 25171 b
2599,HIP 79098 AB b
2600,HD 6434 b
2601,HD 7924 b
2602,kap CrB b
2603,HD 9446 b
2604,GJ 179 b
2605,pi Men c
2606,HD 28192 b
2607,HD 23472 d
2608,K2-178 b
2609,HD 94834 b
2610,K2-208 b
2611,Kepler-1137 b
2612,Kepler-1174 b
2613,Kepler-1231 b
2614,Kepler-1235 b
2615,Kepler-1236 b
2616,KIC 5095269 b
2617,KIC 5951458 b
2618,KIC 7917485 b
2619,KMT-2016-BLG-1107L b
2620,KMT-2018-BLG-0029L b
2621,Kepler-1136 b
2622,Kepler-1260 b
2623,Kepler-1261 b
2624,Kepler-1271 b
2625,Kepler-1163 b
2626,Kepler-1164 b
2627,Kepler-1237 b
2628,Kepler-1238 b
2629,Kepler-124 c
2630,Kepler-1215 b
2631,Kepler-1145 b
2632,Kepler-115 c
2633,Kepler-1291 b
2634,Kepler-1168 b
2635,Kepler-1170 b
2636,Kepler-122 b
2637,Kepler-1157 b
2638,Kepler-116 b
2639,Kepler-1160 b
2640,Kepler-101 c
2641,Kepler-1011 b
2642,Kepler-1014 b
2643,Kepler-1016 c
2644,Kepler-1029 b
2645,Kepler-1031 b
2646,Kepler-1155 b
2647,Kepler-1206 b
2648,Kepler-1208 b
2649,Kepler-1223 b
2650,Kepler-1224 b
2651,Kepler-1398 c
2652,Kepler-1402 b
2653,Kepler-1405 b
2654,Kepler-1408 b
2655,Kepler-105 b
2656,Kepler-1053 b
2657,Kepler-1228 b
2658,Kepler-1242 b
2659,Kepler-1245 b
2660,Kepler-1248 b
2661,Kepler-1249 b
2662,Kepler-1250 b
2663,Kepler-1308 b
2664,Kepler-1317 b
2665,Kepler-1318 b
2666,Kepler-1072 b
2667,Kepler-108 c
2668,WASP-80 b
2669,Kepler-10 c
2670,WASP-5 b
2671,Kepler-1252 b
2672,Kepler-1253 b
2673,Kepler-1255 b
2674,Kepler-1256 b
2675,Kepler-1325 b
2676,Kepler-136 c
2677,Kepler-1344 b
2678,Kepler-1349 b
2679,Kepler-1114 b
2680,Kepler-112 b
2681,Kepler-1121 b
2682,Kepler-1156 b
2683,Kepler-1286 b
2684,Kepler-1288 b
2685,Kepler-1127 b
2686,Kepler-1128 b
2687,Kepler-1129 c
2688,Kepler-1789 b
2689,Kepler-1993 b
2690,Kepler-1997 b
2691,Kepler-2000 b
2692,Kepler-1818 b
2693,Kepler-1821 b
2694,Kepler-1132 b
2695,Kepler-1272 b
2696,Kepler-1346 b
2697,Kepler-1347 b
2698,Kepler-1350 b
2699,Kepler-1454 b
2700,Kepler-139 b
2701,Kepler-1458 b
2702,Kepler-146 b
2703,Kepler-1134 b
2704,Kepler-1138 b
2705,Kepler-1144 b
2706,Kepler-1180 b
2707,Kepler-1351 b
2708,Kepler-1352 b
2709,Kepler-1353 b
2710,Kepler-1354 b
2711,Kepler-135 b
2712,Kepler-1350 c
2713,Kepler-1361 b
2714,Kepler-1363 b
2715,Kepler-1370 c
2716,Kepler-1374 b
2717,Kepler-1441 b
2718,Kepler-119 b
2719,Kepler-1190 b
2720,Kepler-1192 b
2721,Kepler-1197 b
2722,Kepler-1199 b
2723,Kepler-1364 b
2724,Kepler-1366 b
2725,Kepler-141 b
2726,Kepler-141 c
2727,Kepler-1412 b
2728,Kepler-1414 b
2729,Kepler-142 c
2730,Kepler-1773 b
2731,Kepler-1774 b
2732,GJ 357 b
2733,HD 152843 c
2734,HD 73583 c
2735,KELT-7 b
2736,WASP-121 b
2737,Kepler-120 b
2738,Kepler-1203 b
2739,Kepler-1220 b
2740,TrES-4 b
2741,Kepler-94 c
2742,Kepler-25 c
2743,HD 152843 b
2744,TOI-262 b
2745,TOI-444 b
2746,Kepler-46 b
2747,HD 216437 b
2748,TOI-1696 b
2749,Kepler-1387 b
2750,Kepler-1226 b
2751,Kepler-1233 b
2752,Kepler-1239 b
2753,Kepler-124 b
2754,Kepler-124 d
2755,Kepler-1365 c
2756,Kepler-1375 b
2757,Kepler-1427 b
2758,Kepler-1268 b
2759,Kepler-1434 b
2760,Kepler-1435 b
2761,Kepler-1437 b
2762,Kepler-1445 b
2763,Kepler-1446 b
2764,Kepler-1388 d
2765,Kepler-1425 b
2766,Kepler-1300 b
2767,Kepler-1066 b
2768,Kepler-1149 b
2769,Kepler-1083 b
2770,Kepler-1088 b
2771,K2-290 c
2772,Kepler-26 e
2773,Kepler-19 b
2774,gam Cep b
2775,GJ 849 b
2776,WASP-7 b
2777,HD 113337 b
2778,WASP-73 b
2779,WASP-100 b
2780,WASP-123 b
2781,HATS-26 b
2782,HD 2685 b
2783,TOI-125 b
2784,TOI-125 c
2785,TOI-125 d
2786,TOI-1130 b
2787,TOI-1130 c
2788,TOI-700 b
2789,TOI-700 c
2790,TOI-700 d
2791,TOI-481 b
2792,HD 183579 b
2793,TOI-220 b
2794,GJ 849 c
2795,TOI-1062 b
2796,TOI-1062 c
2797,TOI-139 b
2798,TOI-700 e
2799,TOI-712 b
2800,TOI-712 c
2801,TOI-712 d
2802,TOI-1052 b
2803,TOI-1408 b
2804,TOI-1680 b
2805,TOI-2194 b
2806,TOI-4600 b
2807,TOI-4860 b
2808,HD 113337 c
2809,WASP-193 b
2810,HD 207496 b
2811,TOI-1052 c
2812,TOI-4600 c
2813,TOI-2184 b
2814,TOI-1634 b
2815,VHS J125601.92-125723.9 b
2816,Kepler-32 e
2817,Kepler-37 c
2818,HD 120084 b
2819,HD 14067 b
2820,WASP-45 b
2821,Kepler-410 A b
2822,Kepler-10 b
2823,Kepler-11 c
2824,NGTS-12 b
2825,K2-3 d
2826,Kepler-158 b
2827,WASP-3 b
2828,KOI-12 b
2829,HAT-P-4 b
2830,Kepler-236 b
2831,WASP-103 b
2832,Kepler-61 b
2833,Kepler-1861 b
2834,Kepler-1395 b
2835,Kepler-1398 b
2836,Kepler-140 b
2837,Kepler-1301 b
2838,Kepler-1460 b
2839,Kepler-1463 b
2840,Kepler-1320 b
2841,Kepler-1895 b
2842,Kepler-1896 b
2843,Kepler-1897 b
2844,Kepler-1923 b
2845,TOI-251 b
2846,HD 3167 c
2847,Kepler-1985 b
2848,Kepler-1986 b
2849,Kepler-62 e
2850,Kepler-94 b
2851,GJ 436 b
2852,KOI-94 b
2853,TOI-411 b
2854,Kepler-1042 b
2855,Kepler-1054 b
2856,K2-61 b
2857,K2-63 c
2858,K2-65 b
2859,Kepler-1098 b
2860,Kepler-128 c
2861,Kepler-1117 b
2862,Kepler-1055 b
2863,K2-312 c
2864,Kepler-1071 b
2865,Kepler-1113 b
2866,Kepler-1116 b
2867,Kepler-1131 b
2868,K2-75 c
2869,Kepler-603 d
2870,Kepler-1894 b
2871,WASP-41 b
2872,TOI-1288 b
2873,TOI-2193 A b
2874,TOI-4137 b
2875,TOI-4342 c
2876,KELT-24 b
2877,TOI-4342 b
2878,HD 109833 b
2879,Kepler-538 b
2880,K2-8 b
2881,Kepler-46 d
2882,WASP-170 b
2883,WASP-171 b
2884,WASP-175 b
2885,PZ Tel b
2886,K2-316 c
2887,TOI-544 b
2888,WASP-28 b
2889,Kepler-454 c
2890,K2-38 c
2891,HD 3167 e
2892,WASP-44 b
2893,K2-222 b
2894,Kepler-1834 c
2895,Kepler-454 d
2896,K2-141 c
2897,Kepler-1991 c
2898,Kepler-297 d
2899,TOI-837 b
2900,OGLE-2018-BLG-1126L b
2901,OGLE-2018-BLG-1367L b
2902,Kepler-1988 b
2903,OGLE-2017-BLG-1375L b
2904,Kepler-210 c
2905,TOI-620 b
2906,TOI-942 b
2907,Kepler-1118 b
2908,Kepler-1303 b
2909,Kepler-1328 b
2910,Kepler-1306 b
2911,Kepler-1254 d
2912,Kepler-172 b
2913,Kepler-173 c
2914,Kepler-174 d
2915,Kepler-178 b
2916,Kepler-178 c
2917,TOI-2084 b
2918,Kepler-159 c
2919,WASP-42 b
2920,Kepler-1609 b
2921,Kepler-1622 b
2922,Kepler-184 c
2923,Kepler-183 c
2924,Kepler-191 b
2925,Kepler-194 b
2926,Kepler-194 d
2927,Kepler-197 c
2928,Kepler-105 c
2929,Kepler-218 b
2930,Kepler-218 c
2931,Kepler-219 b
2932,Kepler-198 d
2933,EPIC 220674823 b
2934,Kepler-1637 b
2935,Kepler-1616 b
2936,Kepler-220 e
2937,Kepler-223 b
2938,Kepler-223 c
2939,K2-316 b
2940,K2-322 b
2941,Kepler-1624 b
2942,Kepler-17 b
2943,XO-7 b
2944,HD 184010 d
2945,Kepler-1643 b
2946,KOI-7368 b
2947,KOI-7913 b
2948,Kepler-1645 b
2949,HIP 81208 C b
2950,EPIC 229004835 b
2951,HD 63433 b
2952,K2-110 b
2953,Kepler-202 c
2954,Kepler-264 b
2955,Kepler-166 d
2956,Kepler-213 b
2957,Kepler-278 c
2958,Kepler-280 b
2959,Kepler-264 c
2960,Kepler-231 b
2961,Kepler-233 c
2962,Kepler-223 e
2963,Kepler-168 b
2964,Kepler-233 b
2965,Kepler-235 d
2966,Kepler-171 b
2967,Kepler-185 c
2968,Kepler-1654 b
2969,TOI-2202 b
2970,Kepler-173 b
2971,Kepler-194 c
2972,Kepler-1661 b
2973,GJ 887 c
2974,Kepler-238 e
2975,Kepler-175 b
2976,Kepler-175 c
2977,Kepler-176 b
2978,Kepler-222 d
2979,Kepler-24 c
2980,Kepler-241 b
2981,Kepler-180 b
2982,Kepler-182 b
2983,Kepler-251 b
2984,Kepler-189 b
2985,Kepler-192 c
2986,Kepler-192 d
2987,Kepler-193 c
2988,Kepler-1582 b
2989,Kepler-1583 b
2990,Kepler-1597 b
2991,Kepler-1633 b
2992,Kepler-1634 b
2993,Kepler-1635 b
2994,Kepler-201 c
2995,Kepler-202 b
2996,Kepler-204 b
2997,Kepler-207 b
2998,Kepler-287 c
2999,Kepler-289 d
3000,Kepler-29 b
3001,Kepler-225 b
3002,Kepler-1521 b
3003,Kepler-1535 b
3004,Kepler-1605 b
3005,Kepler-1617 b
3006,KMT-2020-BLG-0414L b
3007,KMT-2020-BLG-0414L c
3008,Kepler-152 c
3009,Kepler-1527 b
3010,Kepler-1538 b
3011,Kepler-1629 b
3012,Kepler-163 b
3013,Kepler-252 c
3014,Kepler-1619 b
3015,Kepler-1642 c
3016,Kepler-170 b
3017,Kepler-171 c
3018,Kepler-1545 b
3019,Kepler-1552 b
3020,Kepler-1557 b
3021,Kepler-1558 b
3022,Kepler-1568 b
3023,Kepler-157 b
3024,Kepler-444 b
3025,Kepler-444 c
3026,Gaia-2 b
3027,Kepler-531 b
3028,Kepler-54 c
3029,Kepler-55 e
3030,Kepler-550 b
3031,Kepler-556 b
3032,Kepler-558 b
3033,Kepler-508 b
3034,Kepler-502 b
3035,Kepler-507 b
3036,Kepler-339 c
3037,Kepler-341 c
3038,Kepler-51 c
3039,Kepler-51 d
3040,Kepler-515 b
3041,Kepler-977 b
3042,Kepler-541 b
3043,Kepler-359 b
3044,Kepler-36 b
3045,Kepler-517 b
3046,Kepler-528 b
3047,Kepler-980 b
3048,Kepler-560 b
3049,Kepler-52 b
3050,Kepler-586 b
3051,Kepler-592 b
3052,Kepler-691 b
3053,Kepler-382 c
3054,Kepler-386 c
3055,TOI-1246 c
3056,TOI-1278 b
3057,TOI-561 b
3058,OGLE-2018-BLG-0799L b
3059,TOI-470 b
3060,HD 28109 c
3061,Kepler-629 b
3062,Kepler-566 b
3063,HAT-P-45 b
3064,HATS-5 b
3065,HATS-25 b
3066,Kepler-546 b
3067,Kepler-547 b
3068,Kepler-55 f
3069,WASP-72 b
3070,WASP-75 b
3071,Kepler-415 b
3072,Kepler-594 b
3073,Kepler-60 b
3074,Kepler-433 b
3075,Kepler-437 b
3076,Kepler-440 b
3077,Kepler-442 b
3078,Kepler-632 b
3079,Kepler-610 c
3080,Kepler-613 b
3081,Kepler-614 b
3082,Kepler-544 b
3083,Kepler-570 b
3084,Kepler-561 c
3085,Kepler-568 b
3086,Kepler-645 b
3087,Kepler-444 f
3088,Kepler-597 b
3089,Kepler-601 b
3090,Kepler-659 b
3091,Kepler-666 b
3092,Kepler-667 b
3093,Kepler-60 c
3094,Kepler-600 b
3095,Kepler-609 b
3096,Kepler-467 b
3097,Kepler-578 b
3098,Kepler-579 b
3099,Kepler-580 b
3100,Kepler-630 b
3101,Kepler-638 b
3102,Kepler-662 b
3103,Kepler-665 b
3104,Kepler-644 b
3105,Kepler-677 b
3106,Kepler-588 b
3107,Kepler-687 b
3108,Kepler-688 b
3109,Kepler-504 b
3110,Kepler-312 b
3111,Kepler-314 c
3112,Kepler-315 b
3113,Kepler-316 b
3114,Kepler-320 c
3115,LSPM J2116+0234 b
3116,Kepler-399 b
3117,Kepler-402 b
3118,Kepler-402 d
3119,Kepler-402 e
3120,Kepler-406 b
3121,Kepler-407 c
3122,Kepler-473 b
3123,Kepler-48 c
3124,Kepler-539 c
3125,NGTS-3 A b
3126,Kepler-1805 b
3127,Kepler-1813 b
3128,Kepler-1807 b
3129,Kepler-1824 b
3130,Kepler-1858 b
3131,Kepler-53 c
3132,Kepler-500 b
3133,Kepler-509 b
3134,Kepler-514 b
3135,Kepler-519 b
3136,Kepler-53 b
3137,Kepler-53 d
3138,MOA-2007-BLG-192L b
3139,MOA-2008-BLG-379L b
3140,Kepler-982 b
3141,Kepler-984 b
3142,Kepler-990 b
3143,MOA-2010-BLG-073L b
3144,MOA-2011-BLG-028L b
3145,TOI-1444 c
3146,XO-5 b
3147,HD 202772 A b
3148,HD 110082 b
3149,OGLE-2003-BLG-235L b
3150,OGLE-2006-BLG-109L c
3151,Lupus-TR-3 b
3152,MOA-2011-BLG-262L b
3153,MOA-2009-BLG-319L b
3154,MOA-bin-29 b
3155,Kepler-95 b
3156,Kepler-950 b
3157,OGLE-2005-BLG-169L b
3158,OGLE-2012-BLG-0406L b
3159,OGLE-2012-BLG-0950L b
3160,OGLE-2016-BLG-0263L b
3161,OGLE-2016-BLG-1190L b
3162,Kepler-1757 b
3163,K2-266 e
3164,TOI-421 b
3165,TrES-5 b
3166,KELT-18 b
3167,NGC 2682 YBP 401 b
3168,OGLE-2017-BLG-0373L b
3169,OGLE-2018-BLG-0677L b
3170,Pr0211 c
3171,Kepler-660 b
3172,SWEEPS-4 b
3173,OGLE-2011-BLG-0173L b
3174,OGLE-2011-BLG-0251L b
3175,OGLE-2018-BLG-0596L b
3176,Kepler-969 b
3177,Kepler-974 b
3178,Kepler-99 b
3179,WASP-139 b
3180,WASP-162 b
3181,WASP-132 b
3182,WASP-132 c
3183,OGLE-2017-BLG-0604L b
3184,MOA-2011-BLG-293L b
3185,WASP-1 b
3186,WASP-61 b
3187,WASP-65 b
3188,WASP-78 b
3189,WASP-90 b
3190,HATS-32 b
3191,Qatar-5 b
3192,TOI-1516 b
3193,OGLE-2017-BLG-1522L b
3194,NN Ser d
3195,K2-329 b
3196,Kepler-783 c
3197,Kepler-589 b
3198,HD 106315 c
3199,Kepler-418 c
3200,HATS-74 A b
3201,HATS-71 b
3202,HD 11977 b
3203,HD 136352 c
3204,HD 136352 d
3205,Kepler-471 b
3206,Wendelstein-1 b
3207,KPS-1 b
3208,KOI-217 b
3209,Kepler-1972 b
3210,NGTS-9 b
3211,Ross 128 b
3212,OGLE-2012-BLG-0563L b
3213,HATS-76 b
3214,OGLE-2013-BLG-1761L b
3215,ROXs 42 B b
3216,OGLE-2016-BLG-1067L b
3217,HATS-34 b
3218,TOI-776 b
3219,K2-261 b
3220,HD 20794 c
3221,WASP-55 b
3222,Kepler-11 e
3223,KELT-21 b
3224,K2-321 b
3225,KELT-16 b
3226,WASP-94 A b
3227,K2-325 b
3228,KELT-23 A b
3229,Kepler-12 b
3230,OGLE-2015-BLG-1771L b
3231,Kepler-1962 b
3232,Kepler-1963 b
3233,TOI-411 c
3234,Kepler-7 b
3235,WASP-135 b
3236,WASP-177 b
3237,WASP-58 b
3238,HD 20794 b
3239,Kepler-1972 c
3240,Kepler-412 b
3241,Kepler-15 b
3242,Kepler-485 b
3243,K2-105 b
3244,OGLE-2018-BLG-1011L c
3245,2M0437 b
3246,Kepler-281 b
3247,Kepler-305 d
3248,Kepler-418 b
3249,Kepler-487 b
3250,Kepler-1656 b
3251,Kepler-731 b
3252,K2-232 b
3253,TOI-122 b
3254,Kepler-661 b
3255,Pr0201 b
3256,UZ For c
3257,Kepler-970 b
3258,Kepler-897 b
3259,Kepler-923 b
3260,Kepler-924 b
3261,Kepler-925 b
3262,Kepler-928 b
3263,WASP-160 B b
3264,GJ 3929 b
3265,TOI-2109 b
3266,Kepler-347 b
3267,Kepler-763 b
3268,Kepler-763 c
3269,Kepler-8 b
3270,Kepler-68 e
3271,Kepler-126 c
3272,Kepler-68 c
3273,Kepler-491 b
3274,K2-324 b
3275,TOI-1444 b
3276,TOI-2154 b
3277,TOI-2180 b
3278,TOI-2337 b
3279,L 363-38 b
3280,TOI-2257 b
3281,TOI-1431 b
3282,TOI-1452 b
3283,TOI-1518 b
3284,K2-405 b
3285,K2-87 b
3286,GJ 229 A c
3287,HD 105618 b
3288,WASP-148 b
3289,Wendelstein-2 b
3290,TOI-2048 b
3291,EPIC 249893012 d
3292,GJ 15 A c
3293,Kepler-41 b
3294,HAT-P-49 b
3295,Kepler-425 b
3296,Kepler-670 b
3297,TOI-2096 b
3298,TOI-1695 b
3299,KMT-2021-BLG-0712L b
3300,HAT-P-5 b
3301,HAT-P-52 b
3302,GJ 1265 b
3303,HAT-P-31 b
3304,K2-320 b
3305,TOI-1268 b
3306,TOI-1811 b
3307,TOI-561 e
3308,CoRoT-27 b
3309,Kepler-1345 b
3310,kap And b
3311,HD 190007 b
3312,HD 47366 c
3313,ome Ser b
3314,MASCARA-4 b
3315,NGTS-11 b
3316,tau Gem b
3317,GJ 273 b
3318,GJ 163 c
3319,HD 153557 c
3320,HD 142 c
3321,HD 156098 c
3322,HIP 67851 b
3323,HIP 90988 b
3324,HD 125612 c
3325,tau Boo b
3326,Kepler-1885 b
3327,Kepler-1910 b
3328,Kepler-1925 b
3329,Kepler-1938 b
3330,Kepler-1948 b
3331,TOI-2411 b
3332,WASP-41 c
3333,TOI-1759 b
3334,HATS-56 b
3335,HD 332231 b
3336,Kepler-1745 b
3337,Kepler-1836 b
3338,Kepler-1837 b
3339,Kepler-1844 b
3340,Kepler-1857 b
3341,Kepler-1957 b
3342,Kepler-1961 b
3343,Kepler-352 b
3344,Kepler-487 d
3345,K2-285 e
3346,K2-30 b
3347,K2-333 b
3348,K2-348 c
3349,TOI-1064 b
3350,TIC 237913194 b
3351,Kepler-1886 b
3352,Kepler-1888 b
3353,Kepler-1906 b
3354,Kepler-1922 b
3355,KIC 5479689 b
3356,WASP-35 b
3357,WASP-38 b
3358,eps Eri b
3359,Kepler-1747 b
3360,Kepler-457 d
3361,Kepler-607 c
3362,Kepler-716 c
3363,Kepler-799 b
3364,Kepler-799 c
3365,WASP-71 b
3366,KOI-3503 b
3367,KOI-1833 d
3368,KOI-3503 c
3369,GJ 667 C f
3370,GJ 3138 c
3371,GJ 4276 b
3372,GJ 414 A b
3373,GJ 667 C b
3374,GJ 667 C c
3375,GJ 667 C e
3376,CoRoT-24 b
3377,WASP-136 b
3378,WASP-105 b
3379,KELT-19 A b
3380,HATS-42 b
3381,K2-237 b
3382,Kepler-432 c
3383,HATS-52 b
3384,KELT-2 A b
3385,Kepler-104 b
3386,WASP-16 b
3387,GJ 581 e
3388,HD 219134 g
3389,TOI-163 b
3390,WASP-190 b
3391,CoRoT-18 b
3392,TOI-3331 A b
3393,WASP-144 b
3394,WASP-172 b
3395,Qatar-8 b
3396,TOI-244 b
3397,WASP-178 b
3398,HD 136352 b
3399,GU Psc b
3400,Kepler-865 b
3401,Kepler-949 b
3402,Kepler-949 c
3403,TOI-216.01
3404,TOI-2842 b
3405,TOI-4087 b
3406,TOI-4145 A b
3407,WASP-22 b
3408,WASP-2 b
3409,WASP-184 b
3410,Kepler-427 b
3411,HAT-P-65 b
3412,NGTS-2 b
3413,TOI-4463 A b
3414,WASP-89 b
3415,K2-114 b
3416,HATS-27 b
3417,WASP-114 b
3418,WASP-88 b
3419,WASP-99 b
3420,KMT-2018-BLG-2602L b
3421,K2-275 b
3422,K2-370 b
3423,TOI-2583 A b
3424,HD 219134 f
3425,TOI-763 b
3426,K2-19 d
3427,HAT-P-27 b
3428,HAT-P-34 b
3429,HAT-P-35 b
3430,HATS-17 b
3431,HD 219134 b
3432,LP 890-9 b
3433,TOI-1468 c
3434,TOI-1710 b
3435,TOI-277 b
3436,WASP-83 b
3437,Kepler-490 b
3438,CoRoT-19 b
3439,CoRoT-11 b
3440,HD 219134 c
3441,HD 219134 d
3442,HD 219134 h
3443,HAT-P-36 b
3444,91 Aqr b
3445,CoRoT-9 b
3446,YZ Cet c
3447,Kepler-1704 b
3448,HD 6860 b
3449,GJ 1214 b
3450,HD 81688 b
3451,TOI-1853 b
3452,Kepler-448 c
3453,HAT-P-13 b
3454,HAT-P-43 b
3455,WASP-66 b
3456,KMT-2019-BLG-0298L b
3457,TOI-1694 c
3458,Kepler-93 c
3459,HAT-P-15 b
3460,WASP-93 b
3461,WASP-129 b
3462,HATS-28 b
3463,HD 20794 d
3464,KELT-17 b
3465,WASP-118 b
3466,WASP-53 b
3467,LP 791-18 c
3468,Kepler-1990 b
3469,HATS-61 b
3470,WASP-87 b
3471,HATS-57 b
3472,KELT-6 b
3473,WASP-94 B b
3474,HATS-10 b
3475,47 UMa b
3476,HD 147379 b
3477,HD 173416 b
3478,75 Cet c
3479,HD 2952 b
3480,CT Cha b
3481,HATS-75 b
3482,BD+20 594 b
3483,BD+48 738 b
3484,BD+49 828 b
3485,TOI-451 b
3486,CoRoT-16 b
3487,K2-414 c
3488,K2-412 b
3489,BD-06 1339 c
3490,K2-413 c
3491,TOI-813 b
3492,HD 15337 c
3493,HD 108236 e
3494,HD 213885 b
3495,HR 858 d
3496,TOI-5153 b
3497,TOI-172 b
3498,DE CVn b
3499,EPIC 205950854 c
3500,EPIC 206042996 b
3501,GQ Lup b
3502,TOI-431 c
3503,TOI-451 d
3504,TOI-500 c
3505,WASP-163 b
3506,TOI-558 b
3507,TOI-564 b
3508,TOI-640 b
3509,Kepler-969 c
3510,HAT-P-62 b
3511,TOI-2046 b
3512,TOI-905 b
3513,TOI-2136 b
3514,WASP-34 b
3515,TOI-2427 b
3516,HD 63935 b
3517,HD 178911 B b
3518,HD 206893 c
3519,EPIC 206317286 b
3520,OGLE-2017-BLG-1434L b
3521,GJ 1061 b
3522,GJ 1061 c
3523,EPIC 248847494 b
3524,HD 260655 c
3525,HD 175607 b
3526,HD 181720 b
3527,HD 192699 b
3528,HD 20782 b
3529,HD 219415 b
3530,HD 34445 d
3531,HD 3651 b
3532,HD 37124 b
3533,HD 37124 c
3534,HD 37124 d
3535,HD 216770 b
3536,HD 38801 b
3537,HD 93351 c
3538,HD 81817 b
3539,HD 204313 c
3540,GJ 2030 b
3541,HD 4203 c
3542,HD 43691 b
3543,HD 47186 c
3544,HD 41004 A b
3545,HD 42012 b
3546,HD 13908 c
3547,HD 50499 c
3548,HD 65216 b
3549,HD 51608 c
3550,HD 52265 b
3551,HD 5319 b
3552,HD 5583 b
3553,HD 8326 b
3554,HD 59686 A b
3555,HD 63454 b
3556,HD 75784 c
3557,HD 50499 b
3558,HD 51608 b
3559,HD 564 b
3560,HD 109271 c
3561,HD 114386 b
3562,HD 115404 A c
3563,BD+63 1405 b
3564,HD 203387 b
3565,HD 12648 b
3566,HD 210193 b
3567,HD 100546 b
3568,HD 10180 h
3569,HD 102195 b
3570,HD 102329 b
3571,HD 102843 b
3572,HD 141399 b
3573,HD 217107 b
3574,HD 217107 c
3575,HD 56957 b
3576,HD 183263 b
3577,HD 12235 b
3578,HD 11506 d
3579,HD 139357 b
3580,HD 145675 c
3581,HD 150706 b
3582,HD 103197 b
3583,HD 103720 b
3584,HD 103774 b
3585,HD 108863 b
3586,HD 147513 b
3587,HD 155358 c
3588,HD 129445 b
3589,HD 210702 b
3590,WASP-127 b
3591,HD 132406 b
3592,HD 142022 A b
3593,HD 203387 c
3594,HIP 67851 c
3595,HD 213519 b
3596,HD 30669 b
3597,HD 31527 c
3598,HD 2638 b
3599,HD 27442 b
3600,HATS-38 b
3601,TOI-778 b
3602,TOI-4201 b
3603,HD 114729 b
3604,GJ 676 A e
3605,HIP 8541 b
3606,HD 125612 d
3607,HD 128311 b
3608,HD 130322 b
3609,HD 134987 b
3610,Kepler-451 c
3611,Kepler-451 d
3612,HD 156411 b
3613,HD 156846 b
3614,K2-55 b
3615,HD 159243 b
3616,TOI-169 b
3617,HD 200964 b
3618,HD 168746 b
3619,HD 1690 b
3620,TOI-1859 b
3621,HIP 948 b
3622,HD 80913 b
3623,HD 153557 d
3624,HD 199509 b
3625,HD 38529 b
3626,HD 28185 b
3627,HD 196885 A b
3628,HD 19994 b
3629,HD 20003 b
3630,HD 33283 b
3631,K2-266 c
3632,Kepler-290 c
3633,Kepler-297 b
3634,HD 28185 c
3635,HD 43197 c
3636,HD 217786 c
3637,OGLE-2017-BLG-1691L b
3638,HD 170469 b
3639,HD 17092 b
3640,HD 180902 b
3641,HD 181433 c
3642,HD 207832 b
3643,HD 202206 c
3644,Kepler-408 b
3645,HD 20794 e
3646,HD 2039 b
3647,HD 204941 b
3648,HD 12235 c
3649,HD 33844 b
3650,HD 33844 c
3651,HD 34445 b
3652,HD 285968 b
3653,K2-213 b
3654,K2-214 b
3655,K2-229 b
3656,K2-50 b
3657,K2-52 b
3658,K2-229 c
3659,K2-53 b
3660,K2-88 b
3661,K2-59 c
3662,K2-99 b
3663,GJ 3473 c
3664,KMT-2021-BLG-0240L b
3665,HD 45364 b
3666,KMT-2021-BLG-0320L b
3667,HN Lib b
3668,HIP 94235 b
3669,HD 260655 b
3670,KIC 10001893 b
3671,KIC 10001893 c
3672,KMT-2018-BLG-0748L b
3673,KMT-2019-BLG-0842L b
3674,Kepler-1044 b
3675,Kepler-1046 b
3676,KOI-351 h
3677,Kepler-149 d
3678,K2-275 c
3679,55 Cnc f
3680,81 Cet b
3681,18 Del b
3682,55 Cnc c
3683,HD 47366 b
3684,K2-277 b
3685,K2-34 b
3686,K2-406 b
3687,Kepler-1047 b
3688,2MASS J04414489+2301513 b
3689,Kepler-1020 b
3690,CoRoT-20 b
3691,HD 15337 b
3692,HD 108236 f
3693,HD 125390 b
3694,K2-10 b
3695,K2-102 b
3696,HD 63935 c
3697,HD 5278 c
3698,K2-127 b
3699,K2-128 b
3700,NGTS-20 b
3701,NGTS-4 b
3702,Kepler-281 c
3703,K2-248 b
3704,K2-281 b
3705,K2-287 b
3706,K2-140 b
3707,K2-169 b
3708,K2-171 b
3709,K2-289 b
3710,K2-334 b
3711,K2-344 b
3712,K2-308 b
3713,K2-346 b
3714,EPIC 206042996 c
3715,K2-31 b
3716,K2-181 b
3717,K2-183 c
3718,K2-187 d
3719,K2-117 c
3720,K2-121 b
3721,HD 19615 b
3722,HD 33142 d
3723,Kepler-1047 c
3724,Kepler-1514 b
3725,K2-35 c
3726,K2-84 c
3727,K2-191 b
3728,K2-209 b
3729,K2-21 c
3730,K2-210 b
3731,K2-155 d
3732,K2-165 b
3733,K2-165 d
3734,K2-155 b
3735,K2-155 c
3736,Kepler-1371 b
3737,HAT-P-28 b
3738,WASP-60 b
3739,Kepler-1380 b
3740,Kepler-1385 b
3741,Kepler-1388 b
3742,Kepler-1314 b
3743,Kepler-139 c
3744,Kepler-1392 b
3745,Kepler-1393 b
3746,Kepler-1394 b
3747,Kepler-142 d
3748,Kepler-1421 b
3749,Kepler-143 c
3750,Kepler-144 c
3751,Kepler-145 b
3752,Kepler-1452 b
3753,Kepler-148 b
3754,Kepler-1158 b
3755,Kepler-1159 b
3756,Kepler-116 c
3757,Kepler-1161 b
3758,Kepler-1175 b
3759,Kepler-1176 b
3760,Kepler-1178 b
3761,Kepler-1179 b
3762,Kepler-1183 b
3763,Kepler-1185 b
3764,Kepler-120 c
3765,Kepler-1202 b
3766,Kepler-1204 b
3767,Kepler-1205 b
3768,Kepler-1218 b
3769,Kepler-122 c
3770,Kepler-122 e
3771,Kepler-1240 b
3772,Kepler-1243 b
3773,Kepler-1267 b
3774,Kepler-1269 b
3775,Kepler-1277 b
3776,Kepler-1278 b
3777,Kepler-1279 b
3778,Kepler-128 b
3779,Kepler-1281 b
3780,Kepler-1290 b
3781,Kepler-1313 b
3782,Kepler-1329 b
3783,Kepler-1331 b
3784,Kepler-1332 b
3785,Kepler-1334 b
3786,Kepler-1358 b
3787,Kepler-1359 b
3788,Kepler-195 b
3789,Kepler-198 c
3790,Kepler-225 c
3791,Kepler-226 b
3792,Kepler-224 b
3793,Kepler-238 f
3794,Kepler-251 e
3795,Kepler-253 b
3796,Kepler-253 d
3797,Kepler-162 c
3798,Kepler-1621 b
3799,Kepler-1628 b
3800,Kepler-163 c
3801,Kepler-1638 b
3802,Kepler-880 b
3803,Kepler-784 c
3804,Kepler-1640 b
3805,Kepler-1644 b
3806,Kepler-1652 b
3807,Kepler-176 c
3808,Kepler-178 d
3809,Kepler-182 c
3810,Kepler-186 f
3811,Kepler-336 b
3812,Kepler-326 c
3813,Kepler-327 d
3814,Kepler-338 c
3815,Kepler-366 b
3816,Kepler-353 c
3817,Kepler-368 c
3818,Kepler-370 c
3819,Kepler-371 c
3820,Kepler-372 b
3821,Kepler-376 c
3822,Kepler-328 c
3823,Kepler-367 b
3824,Kepler-393 b
3825,Kepler-397 c
3826,Kepler-399 d
3827,Kepler-40 b
3828,Kepler-400 c
3829,Kepler-401 b
3830,Kepler-401 d
3831,Kepler-403 c
3832,Kepler-405 c
3833,Kepler-419 b
3834,Kepler-431 b
3835,Kepler-395 c
3836,Kepler-430 c
3837,KMT-2021-BLG-1689L b
3838,Kepler-449 b
3839,Kepler-430 b
3840,Kepler-445 b
3841,Kepler-463 b
3842,Kepler-470 b
3843,iot Dra c
3844,Kepler-494 b
3845,Kepler-441 b
3846,Kepler-444 e
3847,Kepler-446 d
3848,Kepler-260 c
3849,Kepler-261 b
3850,Kepler-269 b
3851,Kepler-269 c
3852,Kepler-28 c
3853,Kepler-288 c
3854,Kepler-282 e
3855,Kepler-292 f
3856,Kepler-1181 b
3857,Kepler-865 c
3858,Kepler-29 c
3859,Kepler-298 d
3860,Kepler-368 b
3861,Kepler-359 d
3862,Kepler-291 c
3863,Kepler-300 b
3864,Kepler-304 c
3865,Kepler-309 c
3866,Kepler-31 d
3867,Kepler-36 c
3868,Kepler-360 b
3869,Kepler-375 b
3870,Kepler-362 b
3871,Kepler-378 b
3872,Kepler-379 b
3873,Kepler-302 c
3874,Kepler-314 b
3875,Kepler-303 c
3876,Kepler-315 c
3877,Kepler-306 d
3878,Kepler-312 c
3879,Kepler-330 b
3880,Kepler-331 b
3881,Kepler-331 c
3882,Kepler-332 b
3883,Kepler-333 b
3884,Kepler-339 b
3885,Kepler-33 d
3886,Kepler-344 b
3887,Kepler-338 d
3888,Kepler-338 e
3889,Kepler-356 c
3890,Kepler-357 b
3891,Kepler-333 c
3892,Kepler-334 b
3893,Kepler-325 c
3894,Kepler-335 b
3895,Kepler-360 c
3896,Kepler-348 c
3897,Kepler-361 b
3898,Kepler-349 b
3899,Kepler-363 c
3900,Kepler-351 b
3901,Kepler-380 b
3902,Kepler-380 c
3903,OGLE-2015-BLG-0954L b
3904,OGLE-2016-BLG-1195L b
3905,Teegarden's Star c
3906,TOI-500 b
3907,TOI-500 d
3908,Kepler-1817 b
3909,HD 137496 b
3910,TOI-540 b
3911,TOI-892 b
3912,HD 127506 b
3913,HD 38529 c
3914,HD 145934 b
3915,LHS 1140 b
3916,LHS 1678 c
3917,NGTS-13 b
3918,TOI-1728 b
3919,TOI-1227 b
3920,TOI-2406 b
3921,TOI-431 b
3922,TOI-451 c
3923,WASP-158 b
3924,WTS-1 b
3925,Kepler-1799 b
3926,Kepler-1800 b
3927,omi CrB b
3928,omi UMa b
3929,xi Aql b
3930,Kepler-1787 b
3931,K2-188 b
3932,HD 80883 b
3933,HD 219828 b
3934,OGLE-2018-BLG-1700L b
3935,OGLE-TR-111 b
3936,PH1 b
3937,PSR B0329+54 b
3938,HD 144899 b
3939,HD 168443 b
3940,HD 142 A d
3941,HD 190984 b
3942,HD 95544 b
3943,HD 25912 b
3944,HD 25912 c
3945,HD 88072 b
3946,MOA-2020-BLG-208L b
3947,WISEP J121756.91+162640.2 A b
3948,MOA-2009-BLG-387L b
3949,GJ 2056 b
3950,NGTS-1 b
3951,HATS-40 b
3952,MOA-2013-BLG-605L b
3953,NGC 2682 Sand 978 b
3954,NGTS-10 b
3955,PSR J2322-2650 b
3956,TAP 26 b
3957,K2-285 c
3958,HAT-P-39 b
3959,K2-148 b
3960,HD 27894 b
3961,HD 135872 b
3962,HD 217958 b
3963,HD 168443 c
3964,HD 204313 e
3965,TOI-157 b
3966,EPIC 246851721 b
3967,OGLE-2012-BLG-0026L c
3968,OGLE-2014-BLG-1760L b
3969,OGLE-2015-BLG-0051L b
3970,K2-285 d
3971,HR 858 c
3972,TOI-1231 b
3973,TOI-257 b
3974,TOI-206 b
3975,TOI-1693 b
3976,HD 4308 b
3977,Kepler-1004 b
3978,K2-187 e
3979,KOI-351 b
3980,HD 63765 b
3981,K2-58 c
3982,Kepler-253 c
3983,K2-75 b
3984,Kepler-242 b
3985,Kepler-193 b
3986,Kepler-1148 b
3987,Kepler-1013 b
3988,Kepler-1225 b
3989,Kepler-1273 b
3990,Kepler-1247 b
3991,Kepler-130 d
3992,KIC 10525077 b
3993,K2-268 b
3994,K2-49 b
3995,K2-197 b
3996,Kepler-1244 b
3997,Kepler-1341 b
3998,Kepler-1123 b
3999,Kepler-1356 b
4000,Kepler-1461 b
4001,Kepler-1070 b
4002,Kepler-222 b
4003,Kepler-274 b
4004,Kepler-640 b
4005,HD 163607 b
4006,KMT-2017-BLG-1194L b
4007,KMT-2019-BLG-1367L b
4008,KMT-2019-BLG-1806L b
4009,SR 12 AB c
4010,HD 11506 b
4011,Kepler-113 c
4012,Kepler-1330 b
4013,Kepler-137 b
4014,Kepler-1195 b
4015,Kepler-1416 b
4016,K2-72 d
4017,KMT-2018-BLG-1292L b
4018,Kepler-1143 c
4019,Kepler-1229 b
4020,Kepler-218 d
4021,Kepler-258 c
4022,Kepler-180 c
4023,HD 148164 c
4024,K2-21 b
4025,K2-219 c
4026,HIP 57274 d
4027,Kepler-1241 b
4028,Kepler-144 b
4029,Kepler-1082 b
4030,Kepler-1036 b
4031,Kepler-1110 b
4032,Kepler-1305 b
4033,Kepler-1531 b
4034,Kepler-1493 b
4035,Kepler-1524 b
4036,Kepler-1333 b
4037,Kepler-137 c
4038,Kepler-1372 b
4039,Kepler-434 b
4040,Kepler-631 b
4041,Kepler-569 b
4042,K2-16 b
4043,Kepler-1006 b
4044,K2-246 b
4045,K2-8 c
4046,Kepler-177 b
4047,Kepler-169 d
4048,Kepler-1636 b
4049,Kepler-1404 b
4050,Kepler-1503 b
4051,Kepler-505 b
4052,Kepler-154 b
4053,Kepler-169 f
4054,Kepler-655 b
4055,Kepler-539 b
4056,Kepler-405 b
4057,NN Ser c
4058,K2-330 b
4059,EPIC 211945201 b
4060,HD 213885 c
4061,HATS-45 b
4062,WASP-182 b
4063,K2-132 b
4064,HD 89345 b
4065,Kepler-1285 b
4066,Kepler-1263 b
4067,Kepler-190 c
4068,HD 34445 g
4069,HD 179949 b
4070,Kepler-209 b
4071,Kepler-219 d
4072,Kepler-235 c
4073,Kepler-257 c
4074,Kepler-272 c
4075,WASP-106 b
4076,WASP-82 b
4077,HAT-P-56 b
4078,WASP-47 e
4079,CoRoT-12 b
4080,HATS-30 b
4081,GJ 2030 c
4082,GJ 676 A d
4083,TOI-824 b
4084,HAT-P-21 b
4085,TOI-954 b
4086,TOI-559 b
4087,HD 4917 b
4088,HD 12661 c
4089,Kepler-106 c
4090,Kepler-1187 b
4091,Kepler-1251 b
4092,Kepler-1501 b
4093,Kepler-1548 b
4094,Kepler-1626 b
4095,Kepler-1559 b
4096,Kepler-554 b
4097,Kepler-518 b
4098,Kepler-1904 b
4099,Kepler-292 e
4100,Kepler-286 d
4101,Kepler-289 b
4102,Kepler-299 d
4103,Kepler-321 b
4104,Kepler-372 d
4105,HD 28678 b
4106,TOI-500 e
4107,Kepler-224 e
4108,Kepler-399 c
4109,Kepler-306 b
4110,Kepler-1391 b
4111,Kepler-1529 b
4112,Kepler-1542 d
4113,Kepler-155 c
4114,Kepler-520 c
4115,TOI-969 c
4116,WASP-59 b
4117,Kepler-922 b
4118,Kepler-413 b
4119,Kepler-47 d
4120,Kepler-719 b
4121,Kepler-843 b
4122,Kepler-551 b
4123,TOI-763 c
4124,KMT-2016-BLG-1836L b
4125,OGLE-2014-BLG-1722L b
4126,Kepler-627 b
4127,51 Peg b
4128,Kepler-186 c
4129,Kepler-186 d
4130,Kepler-169 c
4131,Kepler-171 d
4132,Kepler-186 e
4133,Kepler-301 c
4134,K2-95 b
4135,TOI-2545 b
4136,Kepler-1379 b
4137,Kepler-159 b
4138,Kepler-602 b
4139,Kepler-79 e
4140,Kepler-722 c
4141,Kepler-806 b
4142,Kepler-838 b
4143,GJ 180 d
4144,Kepler-217 b
4145,Kepler-215 d
4146,Kepler-267 d
4147,Kepler-265 d
4148,Kepler-351 c
4149,Kepler-444 d
4150,Kepler-596 b
4151,Kepler-634 b
4152,Kepler-676 b
4153,Kepler-683 b
4154,Kepler-407 b
4155,Kepler-466 b
4156,Kepler-893 b
4157,Kepler-918 b
4158,Kepler-954 b
4159,HD 108236 c
4160,TOI-2285 b
4161,EPIC 201170410.02
4162,HD 67087 b
4163,HD 47536 b
4164,HD 80606 b
4165,Kepler-54 d
4166,Kepler-513 b
4167,Kepler-780 b
4168,Kepler-80 c
4169,HD 216435 b
4170,K2-115 b
4171,HR 858 b
4172,HD 108341 b
4173,TOI-132 b
4174,Wolf 1061 d
4175,eps CrB b
4176,eps Ind A b
4177,Kepler-770 b
4178,Kepler-612 b
4179,Kepler-900 b
4180,Kepler-956 b
4181,Kepler-988 b
4182,Kepler-823 b
4183,Kepler-1172 b
4184,Kepler-1213 b
4185,Kepler-1265 b
4186,Kepler-1282 b
4187,Kepler-255 d
4188,Kepler-1625 b
4189,tau Cet f
4190,tau Cet g
4191,ups And b
4192,UKIRT-2017-BLG-001L b
4193,HIP 14810 d
4194,Kepler-108 b
4195,HD 10180 e
4196,V0391 Peg b
4197,K2-202 b
4198,HD 191806 b
4199,TYC 8998-760-1 c
4200,GJ 1002 c
4201,Kepler-868 b
4202,Kepler-876 b
4203,Kepler-904 b
4204,Kepler-771 b
4205,MOA-2010-BLG-328L b
4206,Kepler-416 b
4207,Kepler-321 c
4208,Kepler-1177 b
4209,Kepler-1382 b
4210,Kepler-148 d
4211,Kepler-1934 b
4212,GJ 536 b
4213,HD 102956 b
4214,K2-150 b
4215,K2-257 b
4216,TYC 3667-1280-1 b
4217,GJ 3293 b
4218,Kepler-976 b
4219,Kepler-363 d
4220,Kepler-211 c
4221,Kepler-576 b
4222,Kepler-1578 b
4223,Kepler-118 c
4224,Kepler-671 b
4225,Kepler-892 b
4226,ups And c
4227,OGLE-2018-BLG-0567L b
4228,COCONUTS-2 b
4229,Kepler-521 b
4230,Kepler-942 b
4231,HD 18599 b
4232,HATS-2 b
4233,KELT-6 c
4234,HD 96127 b
4235,HD 34445 e
4236,Kepler-343 b
4237,HD 240237 b
4238,HIP 65891 b
4239,TOI-4127 b
4240,Kepler-1516 b
4241,Kepler-730 b
4242,Kepler-692 b
4243,Kepler-1444 b
4244,Kepler-657 b
4245,Kepler-792 b
4246,Kepler-1060 b
4247,Kepler-122 f
4248,K2-107 b
4249,HD 5319 c
4250,Kepler-174 c
4251,EPIC 212737443 b
4252,HD 11505 b
4253,HD 103891 b
4254,HD 13931 b
4255,HD 62549 b
4256,HD 214823 b
4257,HD 68402 b
4258,HD 69123 b
4259,CoRoT-17 b
4260,GJ 876 c
4261,Kepler-33 b
4262,GJ 9689 b
4263,EPIC 212624936 b
4264,Kepler-417 b
4265,Kepler-1309 b
4266,Kepler-342 c
4267,Kepler-1505 b
4268,HIP 14810 b
4269,Kepler-122 d
4270,Kepler-1270 b
4271,HR 5183 b
4272,HIP 35965 b
4273,HD 126614 b
4274,HD 194490 b
4275,HD 154345 b
4276,HD 7449 b
4277,HD 80869 b
4278,HD 73267 b
4279,HIP 55507 b
4280,K2-15 b
4281,K2-162 b
4282,K2-126 b
4283,Kepler-590 b
4284,Kepler-678 b
4285,Kepler-82 d
4286,HD 219077 b
4287,HD 26161 b
4288,Kepler-1978 b
4289,Kepler-953 b
4290,Kepler-84 b
4291,Kepler-1368 b
4292,Kepler-397 b
4293,Kepler-357 c
4294,Kepler-529 d
4295,OGLE-2015-BLG-1670L b
4296,Kepler-729 b
4297,Kepler-199 c
4298,Kepler-1542 c
4299,Kepler-1564 b
4300,Kepler-1607 b
4301,Kepler-215 e
4302,HD 233604 b
4303,HD 40307 c
4304,HD 13189 b
4305,Kepler-268 b
4306,Kepler-931 b
4307,Kepler-84 d
4308,Kepler-926 b
4309,MOA-2010-BLG-117L b
4310,WASP-185 b
4311,YZ Cet d
4312,Kepler-215 c
4313,Kepler-1476 b
4314,Kepler-254 d
4315,Kepler-292 d
4316,Kepler-279 d
4317,HD 192263 b
4318,HD 23079 b
4319,HD 96167 b
4320,WASP-53 c
4321,WASP-91 b
4322,HD 85390 b
4323,Kepler-362 c
4324,Kepler-902 b
4325,Kepler-938 b
4326,Kepler-996 b
4327,PSR B1257+12 b
4328,MOA-2016-BLG-227L b
4329,HD 39194 b
4330,Kepler-358 b
4331,Kepler-351 d
4332,Kepler-375 c
4333,Kepler-42 c
4334,HD 95089 c
4335,HD 35759 b
4336,bet UMi b
4337,HD 142245 b
4338,TOI-1416 b
4339,HD 457 b
4340,HATS-11 b
4341,HD 158038 b
4342,Kepler-624 b
4343,Kepler-331 d
4344,Kepler-276 b
4345,Kepler-446 c
4346,Kepler-681 b
4347,Kepler-536 b
4348,Kepler-510 b
4349,Kepler-935 b
4350,Kepler-309 b
4351,GJ 251 b
4352,Kepler-341 b
4353,HD 113996 b
4354,GJ 433 c
4355,CoRoT-31 b
4356,HD 40307 g
4357,Kepler-179 b
4358,HD 70573 b
4359,HD 154857 c
4360,K2-255 b
4361,Kepler-245 e
4362,Kepler-695 b
4363,Kepler-583 b
4364,HD 111232 c
4365,HD 11112 b
4366,HD 149806 b
4367,HD 98649 b
4368,HD 81040 b
4369,HD 224538 b
4370,HD 55696 b
4371,HD 72659 b
4372,HD 50554 b
4373,HD 27631 b
4374,HD 97037 b
4375,HD 89307 b
4376,K2-396 b
4377,Kepler-1001 c
4378,Kepler-1067 b
4379,Kepler-129 d
4380,Kepler-354 b
4381,Kepler-132 e
4382,Kepler-937 c
4383,Kepler-1007 b
4384,K2-228 b
4385,K2-39 b
4386,HD 213472 b
4387,HD 86065 b
4388,HD 86264 b
4389,HD 8673 b
4390,HD 45652 b
4391,Kepler-327 b
4392,CoRoT-23 b
4393,Kepler-787 b
4394,51 Eri b
4395,Kepler-753 b
4396,Kepler-730 c
4397,Kepler-839 b
4398,HD 96992 b
4399,HIP 107772 b
4400,K2-376 b
4401,Kepler-610 b
4402,Kepler-168 c
4403,Kepler-703 b
4404,Kepler-1450 b
4405,K2-192 b
4406,HD 9446 c
4407,Kepler-1258 b
4408,Kepler-1409 b
4409,Kepler-1287 b
4410,Kepler-1133 b
4411,HD 164595 b
4412,HD 220074 b
4413,K2-190 b
4414,Kepler-1600 b
4415,Kepler-1702 b
4416,HD 92788 c
4417,bet Pic c
4418,Kepler-1357 b
4419,Kepler-1464 b
4420,Kepler-1710 b
4421,Kepler-1740 b
4422,Kepler-1743 b
4423,Kepler-150 f
4424,Kepler-1523 b
4425,Kepler-263 b
4426,Pr0211 b
4427,K2-57 b
4428,KOI-142 c
4429,K2-86 b
4430,KMT-2021-BLG-0119L b
4431,KMT-2021-BLG-0192L b
4432,KMT-2021-BLG-2294L b
4433,Kepler-512 b
4434,Kepler-59 b
4435,TOI-181 b
4436,Kepler-658 b
4437,HD 187085 b
4438,Gl 686 b
4439,EPIC 211822797 b
4440,Gl 49 b
4441,Kepler-881 b
4442,Kepler-890 b
4443,Kepler-1746 b
4444,Kepler-981 b
4445,OGLE-2007-BLG-368L b
4446,K2-256 b
4447,K2-147 b
4448,K2-293 b
4449,K2-42 b
4450,KMT-2017-BLG-1038L b
4451,KOI-55 b
4452,Kepler-347 d
4453,Kepler-663 b
4454,OGLE-2006-BLG-109L b
4455,OGLE-2012-BLG-0838L b
4456,KMT-2016-BLG-1820L b
4457,HD 106515 A b
4458,Kepler-1010 b
4459,Kepler-571 b
4460,Kepler-859 b
4461,HD 137388 b
4462,HATS-50 b
4463,HD 30177 b
4464,Kepler-1077 b
4465,Kepler-1173 b
4466,Kepler-1563 b
4467,Kepler-118 b
4468,Kepler-1567 b
4469,Kepler-151 c
4470,PDS 70 b
4471,OGLE-2017-BLG-1049L b
4472,NGTS-8 b
4473,TYC 3318-01333-1 b
4474,Kepler-1095 b
4475,K2-170 b
4476,HD 76700 b
4477,Kepler-1219 b
4478,KMT-2016-BLG-0212L b
4479,Kepler-1264 b
4480,Kepler-115 b
4481,Kepler-1340 b
4482,Kepler-1495 b
4483,Kepler-1403 b
4484,Kepler-1449 b
4485,Kepler-1439 b
4486,Kepler-1602 b
4487,GJ 163 d
4488,eps Tau b
4489,WASP-62 b
4490,11 Com b
4491,HD 4732 b
4492,Gl 378 b
4493,BD+48 740 b
4494,Kepler-1109 b
4495,Kepler-85 c
4496,Kepler-1196 b
4497,Kepler-203 d
4498,Kepler-1146 b
4499,Kepler-365 c
4500,Kepler-374 b
4501,Kepler-403 b
4502,Kepler-39 b
4503,Kepler-28 b
4504,Kepler-296 d
4505,Kepler-1580 b
4506,Kepler-1595 b
4507,Kepler-211 b
4508,Kepler-299 b
4509,Kepler-228 b
4510,CHXR 73 b
4511,EPIC 212424622 b
4512,HD 155193 b
4513,HD 164922 b
4514,Kepler-1467 b
4515,Kepler-198 b
4516,Kepler-608 b
4517,Kepler-133 b
4518,HD 177565 b
4519,Kepler-310 d
4520,Kepler-377 b
4521,Kepler-308 c
4522,Kepler-322 c
4523,Kepler-33 e
4524,HATS-37 A b
4525,HD 107148 c
4526,HD 137496 c
4527,Kepler-247 c
4528,Kepler-326 b
4529,Kepler-229 c
4530,Kepler-237 b
4531,Kepler-234 c
4532,HD 5891 b
4533,HD 109749 b
4534,HD 88133 b
4535,K2-90 b
4536,K2-233 b
4537,Kepler-1059 b
4538,Kepler-270 c
4539,Kepler-244 b
4540,Kepler-307 b
4541,Kepler-259 b
4542,Kepler-260 b
4543,HD 159868 c
4544,HD 197037 b
4545,HD 211970 b
4546,HD 285507 b
4547,KMT-2016-BLG-1397L b
4548,Kepler-114 b
4549,Kepler-1574 b
4550,Kepler-475 b
4551,Kepler-474 b
4552,Kepler-1319 b
4553,Kepler-1299 b
4554,OGLE-2013-BLG-1721L b
4555,GJ 1061 d
4556,HD 43197 b
4557,HD 72892 b
4558,HD 74156 b
4559,Kepler-391 c
4560,Kepler-749 b
4561,Kepler-709 b
4562,Kepler-669 b
4563,Kepler-164 c
4564,Kepler-975 c
4565,Kepler-56 b
4566,K2-195 b
4567,Kepler-140 c
4568,Kepler-1423 b
4569,Kepler-1188 b
4570,Kepler-1324 b
4571,Kepler-1362 b
4572,Kepler-1369 b
4573,Kepler-1378 b
4574,Kepler-1486 b
4575,HD 192310 c
4576,HD 72490 b
4577,HD 60532 c
4578,Kepler-986 b
4579,MOA-bin-1L b
4580,HD 104985 b
4581,24 Boo b
4582,HD 145457 b
4583,HD 39091 b
4584,pi Men d
4585,alf Ari b
4586,Kepler-995 b
4587,Kepler-340 c
4588,Kepler-575 b
4589,Kepler-320 b
4590,Kepler-406 c
4591,HD 171028 b
4592,GJ 3942 b
4593,KIC 10001893 d
4594,OGLE-2013-BLG-0102L b
4595,ups And d
4596,Kepler-376 b
4597,Kepler-369 b
4598,Kepler-391 b
4599,CoRoT-22 b
4600,K2-139 b
4601,Kepler-1561 b
4602,K2-268 c
4603,1RXS J160929.1-210524 b
4604,Kepler-227 b
4605,Kepler-520 b
4606,MOA-2010-BLG-477L b
4607,HD 216520 b
4608,HD 158996 b
4609,Kepler-577 b
4610,K2-4 b
4611,Kepler-48 e
4612,HD 116029 c
4613,GJ 3323 b
4614,Kepler-1688 b
4615,Kepler-1689 b
4616,Kepler-1697 b
4617,Kepler-1785 b
4618,Kepler-1786 b
4619,Kepler-1784 b
4620,Kepler-92 c
4621,Kepler-1751 b
4622,Kepler-1752 b
4623,OGLE-2008-BLG-355L b
4624,Kepler-119 c
4625,MOA-2013-BLG-220L b
4626,Kepler-1030 b
4627,USco1556 b
4628,K2-280 b
4629,BD+55 362 b
4630,HD 18742 b
4631,HD 33564 b
4632,HD 190360 b
4633,HD 34445 f
4634,K2-138 f
4635,K2-138 g
4636,K2-146 c
4637,HD 1461 b
4638,K2-374 c
4639,K2-391 b
4640,Kepler-1085 b
4641,Kepler-1085 c
4642,Kepler-132 c
4643,Kepler-537 b
4644,Kepler-313 c
4645,K2-274 b
4646,K2-90 c
4647,K2-97 b
4648,K2-188 c
4649,CoRoT-4 b
4650,Kepler-1189 b
4651,HD 202696 c
4652,Kepler-1045 b
4653,Kepler-1735 b
4654,Kepler-244 c
4655,HD 20003 c
4656,55 Cnc b
4657,55 Cnc d
4658,HD 167042 b
4659,HD 180314 b
4660,Kepler-1673 b
4661,Kepler-1664 b
4662,Kepler-1691 b
4663,Kepler-1717 b
4664,Kepler-1732 b
4665,Kepler-1339 b
4666,Kepler-668 b
4667,K2-273 b
4668,Kepler-735 b
4669,K2-253 b
4670,K2-284 b
4671,K2-285 b
4672,Kepler-114 d
4673,Kepler-1234 b
4674,Kepler-1153 b
4675,Kepler-220 c
4676,Kepler-240 c
4677,HD 126525 b
4678,HD 6718 b
4679,OGLE-TR-132 b
4680,Kepler-1377 b
4681,Kepler-1171 b
4682,Kepler-1207 b
4683,Kepler-1283 b
4684,Kepler-197 e
4685,K2-120 b
4686,K2-116 b
4687,K2-24 c
4688,HIP 57274 b
4689,K2-123 b
4690,Kepler-154 c
4691,Kepler-389 b
4692,Kepler-626 b
4693,Kepler-545 b
4694,MOA-2009-BLG-266L b
4695,Kepler-1903 b
4696,Kepler-1945 b
4697,Kepler-176 e
4698,OGLE-2018-BLG-1011L b
4699,Kepler-1942 b
4700,HD 221416 b
4701,Kepler-294 c
4702,Kepler-228 d
4703,Kepler-23 b
4704,Kepler-251 c
4705,Kepler-1623 b
4706,Kepler-181 b
4707,Kepler-336 c
4708,HIP 54373 c
4709,K2-161 b
4710,Kepler-1809 b
4711,Kepler-595 b
4712,Kepler-598 c
4713,Kepler-607 b
4714,Kepler-616 b
4715,Kepler-616 c
4716,Kepler-1856 b
4717,Kepler-1705 c
4718,HD 79181 b
4719,HD 161178 b
4720,KOI-4777.01
4721,OGLE-2018-BLG-1428L b
4722,Kepler-98 b
4723,Kepler-1875 b
4724,Kepler-1860 b
4725,Kepler-1832 b
4726,Kepler-1866 b
4727,OGLE-2015-BLG-1649L b
4728,KOI-351 g
4729,Kepler-846 b
4730,Kepler-1669 d
4731,Kepler-1819 b
4732,Kepler-381 c
4733,Kepler-595 c
4734,Kepler-1715 b
4735,Kepler-123 c
4736,Kepler-372 c
4737,Kepler-402 c
4738,Kepler-404 c
4739,Kepler-1744 b
4740,Kepler-296 e
4741,Kepler-310 b
4742,Kepler-1022 b
4743,K2-244 b
4744,Kepler-1849 b
4745,Kepler-1850 b
4746,Kepler-2001 b
4747,Kepler-2001 c
4748,Kepler-1870 b
4749,Kepler-1871 b
4750,K2-72 e
4751,K2-59 b
4752,Kepler-1953 b
4753,Kepler-1946 b
4754,Kepler-1965 b
4755,Kepler-1967 b
4756,Kepler-1916 b
4757,Kepler-633 b
4758,HAT-P-53 b
4759,TOI-532 b
4760,K2-151 b
4761,Kepler-1892 b
4762,HD 4760 b
4763,HD 68988 c
4764,HD 24085 b
4765,HD 235088 b
4766,TOI-1064 c
4767,Kepler-768 b
4768,Kepler-363 b
4769,Kepler-307 c
4770,Kepler-332 c
4771,Kepler-342 d
4772,Kepler-364 b
4773,TOI-431 d
4774,K2-390 b
4775,HD 93963 A b
4776,HD 93963 A c
4777,K2-223 b
4778,Kepler-112 c
4779,WASP-157 b
4780,Kepler-1913 b
4781,Kepler-1914 b
4782,Kepler-1917 b
4783,Kepler-27 c
4784,Kepler-1035 b
4785,Kepler-227 c
4786,Kepler-1956 b
4787,Kepler-1130 b
4788,Kepler-385 c
4789,Kepler-324 b
4790,Kepler-352 c
4791,Kepler-352 d
4792,Kepler-238 d
4793,Kepler-238 b
4794,HD 99492 c
4795,nu Oph b
4796,HD 4732 c
4797,K2-43 b
4798,K2-180 b
4799,OGLE-2012-BLG-0026L b
4800,Ross 458 c
4801,OGLE-2014-BLG-0676L b
4802,KMT-2017-BLG-1003L b
4803,KMT-2021-BLG-0748L b
4804,KMT-2019-BLG-2974L b
4805,Kepler-1411 b
4806,Kepler-172 e
4807,Kepler-1254 c
4808,Kepler-154 d
4809,Kepler-1520 b
4810,Kepler-652 b
4811,Kepler-1541 b
4812,GJ 1148 b
4813,HD 187123 b
4814,HD 216536 b
4815,Kepler-482 b
4816,Kepler-87 b
4817,K2-33 b
4818,Kepler-1537 b
4819,Kepler-684 b
4820,Kepler-1295 b
4821,Kepler-204 c
4822,Kepler-250 c
4823,PSR B1620-26 b
4824,Kepler-131 b
4825,Kepler-340 b
4826,TYC 0434-04538-1 b
4827,Kepler-268 c
4828,Kepler-250 d
4829,Kepler-1772 b
4830,Kepler-1791 b
4831,Kepler-1796 b
4832,Kepler-1761 b
4833,Kepler-1768 b
4834,Kepler-1797 b
4835,K2-54 b
4836,Kepler-1039 b
4837,Kepler-1028 b
4838,Kepler-106 b
4839,Kepler-1246 b
4840,Kepler-130 c
4841,Kepler-147 b
4842,Wolf 1061 b
4843,Kepler-48 b
4844,Kepler-277 b
4845,USco CTIO 108 b
4846,Kepler-754 b
4847,Kepler-261 c
4848,Kepler-266 c
4849,Kepler-273 b
4850,Kepler-284 b
4851,Kepler-270 b
4852,K2-259 b
4853,K2-183 d
4854,K2-32 b
4855,Kepler-217 d
4856,Kepler-364 c
4857,Kepler-135 c
4858,Kepler-1459 b
4859,Kepler-1365 b
4860,Kepler-1193 b
4861,Kepler-1415 b
4862,Kepler-1433 b
4863,Kepler-24 e
4864,PSR J1719-1438 b
4865,Kepler-1232 b
4866,Kepler-310 c
4867,Kepler-350 c
4868,Kepler-443 b
4869,Kepler-33 c
4870,Kepler-398 b
4871,Kepler-439 b
4872,Kepler-370 b
4873,Kepler-1464 c
4874,Kepler-1152 b
4875,Kepler-1376 b
4876,Kepler-1033 b
4877,Kepler-1093 b
4878,Kepler-1304 b
4879,BD-08 2823 c
4880,Kepler-1598 b
4881,Kepler-736 b
4882,Kepler-708 b
4883,Kepler-697 b
4884,Kepler-727 b
4885,Kepler-587 b
4886,Kepler-622 b
4887,Kepler-325 d
4888,Kepler-1884 b
4889,Kepler-177 c
4890,Kepler-203 c
4891,K2-138 d
4892,Kepler-1090 b
4893,Kepler-1090 c
4894,Kepler-169 b
4895,Kepler-174 b
4896,Kepler-251 d
4897,GJ 422 b
4898,Kepler-781 b
4899,Kepler-643 b
4900,Kepler-636 b
4901,Kepler-903 c
4902,Kepler-256 c
4903,Kepler-1599 b
4904,Kepler-199 b
4905,Kepler-170 c
4906,Kepler-1565 b
4907,Kepler-553 b
4908,Kepler-1147 b
4909,HD 82943 c
4910,HU Aqr AB b
4911,Kepler-1026 b
4912,Kepler-837 b
4913,HD 75784 b
4914,CoRoT-8 b
4915,Kepler-69 c
4916,K2-356 b
4917,K2-357 b
4918,K2-392 b
4919,Kepler-1266 b
4920,Kepler-1600 c
4921,Kepler-1424 b
4922,Kepler-604 b
4923,Kepler-1455 b
4924,K2-64 b
4925,K2-73 b
4926,Kepler-222 c
4927,Kepler-1802 b
4928,Kepler-1820 b
4929,Kepler-1831 b
4930,Kepler-1833 b
4931,Kepler-1835 b
4932,Kepler-1292 b
4933,Kepler-1021 b
4934,HD 102329 c
4935,Kepler-165 b
4936,Kepler-156 c
4937,Kepler-1581 b
4938,Kepler-234 b
4939,Kepler-220 d
4940,Kepler-239 c
4941,Kepler-226 c
4942,Kepler-1533 b
4943,Kepler-1627 b
4944,Kepler-395 b
4945,HD 99706 b
4946,EPIC 201238110 b
4947,HIP 4845 b
4948,Teegarden's Star b
4949,Kepler-710 b
4950,Kepler-308 b
4951,Kepler-235 e
4952,Kepler-267 b
4953,Kepler-304 d
4954,Kepler-584 b
4955,Kepler-436 b
4956,GJ 685 b
4957,HD 202696 b
4958,HD 106906 b
4959,Kepler-466 c
4960,Kepler-34 b
4961,Kepler-389 c
4962,Kepler-42 b
4963,Kepler-356 b
4964,Kepler-946 b
4965,OGLE-2012-BLG-0358L b
4966,POTS-1 b
4967,Kepler-52 d
4968,K2-133 b
4969,HD 121504 b
4970,Kepler-726 b
4971,Kepler-79 c
4972,Kepler-739 b
4973,Kepler-80 e
4974,Kepler-803 b
4975,OGLE-2017-BLG-0482L b
4976,PH2 b
4977,GJ 3779 b
4978,Kepler-1853 b
4979,KOI-1257 b
4980,HIP 78530 b
4981,Kepler-817 b
4982,Kepler-945 b
4983,Kepler-875 b
4984,Kepler-886 b
4985,Kepler-911 b
4986,Kepler-1698 b
4987,CoRoT-29 b
4988,Kepler-957 b
4989,Kepler-999 b
4990,MOA-2010-BLG-353L b
4991,UZ For b
4992,K2-374 b
4993,K2-397 b
4994,K2-407 b
4995,Kepler-1038 c
4996,HD 10442 b
4997,HD 128311 c
4998,Kepler-1902 b
4999,tau Cet h
5000,HD 175541 b
5001,K2-218 b
5002,11 UMi b
5003,HD 45184 b
5004,Kepler-1064 b
5005,K2-91 b
5006,K2-154 c
5007,Kepler-1389 b
5008,Kepler-346 c
5009,Kepler-83 d
5010,Kepler-919 b
5011,Kepler-944 b
5012,Kepler-1712 b
5013,Kepler-1738 b
5014,Kepler-1642 b
5015,Kepler-415 c
5016,Kepler-431 d
5017,Kepler-329 c
5018,Kepler-971 b
5019,DMPP-1 b
5020,GJ 180 b
5021,Kepler-341 e
5022,Kepler-38 b
5023,Kepler-1762 b
5024,Kepler-200 c
5025,GJ 3293 e
5026,GJ 163 b
5027,HD 141399 d
5028,HD 93083 b
5029,HD 159243 c
5030,HD 152581 b
5031,HD 102117 b
5032,HD 195019 b
5033,HR 8799 d
5034,OGLE-TR-10 b
5035,OGLE-2014-BLG-1722L c
5036,Kepler-1191 b
5037,K2-258 b
5038,Kepler-1063 b
5039,K2-198 c
5040,HD 208487 b
5041,iot Dra b
5042,Kepler-1032 b
5043,K2-221 b
5044,Kepler-240 b
5045,Kepler-155 b
5046,K2-200 b
5047,K2-211 b
5048,Kepler-100 c
5049,K2-265 b
5050,HD 40307 f
5051,HD 45184 c
5052,K2-190 c
5053,K2-276 b
5054,OGLE-TR-182 b
5055,KOI-1599.02
5056,K2-69 b
5057,K2-14 b
5058,KOI-351 f
5059,K2-227 b
5060,K2-292 b
5061,K2-239 c
5062,K2-158 c
5063,K2-245 b
5064,Kepler-147 c
5065,Kepler-403 d
5066,K2-226 b
5067,HD 45364 c
5068,Kepler-1257 b
5069,Kepler-1100 b
5070,Kepler-152 b
5071,Kepler-1327 b
5072,HIP 75092 b
5073,HIP 114933 b
5074,Kepler-1879 b
5075,Kepler-1882 b
5076,CFHTWIR-Oph 98 b
5077,NGTS-16 b
5078,NGTS-15 b
5079,NGTS-17 b
5080,Kepler-1741 b
5081,Kepler-1750 b
5082,Kepler-1782 b
5083,TOI-1442 b
5084,TOI-3912 b
5085,TOI-3235 b
5086,Kepler-1862 b
5087,HD 106252 b
5088,HD 106315 b
5089,HD 109286 b
5090,HAT-P-63 b
5091,Kepler-1771 b
5092,Kepler-1776 b
5093,Kepler-1763 b
5094,Kepler-1764 b
5095,Kepler-1765 b
5096,Kepler-1779 b
5097,Kepler-1873 b
5098,Kepler-1878 b
5099,KMT-2018-BLG-1976L b
5100,KMT-2018-BLG-1996L b
5101,OGLE-2019-BLG-0954L b
5102,Kepler-1488 b
5103,Kepler-1130 d
5104,Kepler-129 c
5105,Kepler-1311 b
5106,Kepler-1321 c
5107,Kepler-1696 b
5108,KMT-2019-BLG-0371L b
5109,HD 24040 b
5110,HD 3765 b
5111,Kepler-1812 b
5112,Kepler-1822 b
5113,K2-347 b
5114,K2-343 c
5115,K2-332 b
5116,K2-338 b
5117,K2-341 b
5118,EPIC 212297394 c
5119,EPIC 212587672 c
5120,EPIC 212587672 b
5121,K2-354 b
5122,K2-331 b
5123,K2-345 b
5124,K2-268 d
5125,K2-268 e
5126,K2-331 c
5127,KMT-2018-BLG-1025L b
5128,K2-268 f
5129,K2-335 b
5130,K2-336 b
5131,Proxima Cen b
5132,Kepler-1826 b
5133,Kepler-1830 b
5134,Kepler-1840 b
5135,K2-349 b
5136,K2-350 c
5137,K2-352 c
5138,K2-185 c
5139,K2-350 b
5140,K2-352 d
5141,K2-352 b
5142,K2-351 b
5143,K2-343 b
5144,K2-337 b
5145,K2-339 b
5146,K2-340 b
5147,K2-342 b
5148,HD 39194 d
5149,HD 25723 b
5150,CD Cet b
5151,OGLE-2018-BLG-1185L b
5152,TCP J05074264+2447555 b
5153,EPIC 206024342 d
5154,17 Sco b
5155,HD 39194 c
5156,EPIC 228836835 b
5157,Kepler-1852 b
5158,Kepler-385 b
5159,Kepler-1947 b
5160,Kepler-1933 b
5161,K2-168 b
5162,HD 96700 d
5163,EPIC 206024342 c
5164,OGLE-2007-BLG-349L AB c
5165,HD 189567 c
5166,HD 93385 b
5167,Kepler-1909 b
5168,Kepler-1939 b
5169,Kepler-1719 b
5170,Kepler-1932 b
5171,HD 93385 c
5172,EPIC 220492298 b
5173,EPIC 201595106 b
5174,EPIC 212624936 c
5175,HD 96700 b
5176,HD 93385 d
5177,HD 154088 b
5178,HD 156668 b
5179,Kepler-1737 b
5180,K2-264 c
5181,Kepler-1700 b
5182,K2-184 b
5183,Kepler-1514 c
5184,Kepler-501 b
5185,Kepler-196 c
5186,V830 Tau b
5187,HD 164922 c
5188,HD 164922 d
5189,K2-404 b
5190,K2-409 b
5191,Kepler-1758 b
5192,Kepler-913 b
5193,Kepler-1775 b
5194,BD-11 4672 c
5195,HD 331093 b
5196,KIC 8121913 b
5197,HD 168009 b
5198,HD 360 b
5199,Kepler-1671 b
5200,Kepler-1675 b
5201,Kepler-1781 b
5202,Kepler-1769 b
5203,Kepler-1770 b
5204,Kepler-1815 b
5205,HD 22496 b
5206,K2-395 b
5207,HD 211403 b
5208,HD 29021 b
5209,Kepler-1165 c
5210,Kepler-1794 b
5211,Kepler-1795 b
5212,Kepler-1828 b
5213,Kepler-1843 b
5214,Kepler-1716 b
5215,Kepler-487 c
5216,Kepler-1755 b
5217,Kepler-1777 b
5218,Kepler-1780 b
5219,Kepler-1674 b
5220,Kepler-1677 b
5221,K2-138 e
5222,KIC 8540376 b
5223,Kepler-1854 b
5224,Kepler-1855 b
5225,HD 18438 b
5226,Kepler-1690 b
5227,Kepler-1874 b
5228,Kepler-1881 b
5229,Kepler-1682 b
5230,Kepler-1827 b
5231,Kepler-1684 b
5232,Kepler-1838 b
5233,Kepler-1839 b
5234,Kepler-529 b
5235,Kepler-1693 b
5236,Kepler-394 c
5237,Kepler-394 d
5238,Kepler-27 d
5239,Kepler-281 d
5240,Kepler-1693 c
5241,Kepler-1802 c
5242,Kepler-534 b
5243,Kepler-381 d
5244,Kepler-324 e
5245,Kepler-1315 c
5246,Kepler-1893 b
5247,K2-396 c
5248,K2-398 c
5249,K2-400 b
5250,K2-402 b
5251,K2-403 b
5252,K2-358 b
5253,K2-388 b
5254,K2-408 b
5255,Kepler-1038 b
5256,Kepler-1695 b
5257,Kepler-1905 b
5258,Kepler-1907 b
5259,Kepler-534 c
5260,Kepler-1955 b
5261,Kepler-1468 d
5262,Kepler-1165 b
5263,Kepler-1954 b
5264,Kepler-1958 b
5265,Kepler-1964 b
5266,Kepler-1488 c
5267,Kepler-1665 b
5268,KIC 10068024 b
5269,Kepler-1067 c
5270,Kepler-1312 c
5271,Kepler-1321 b
5272,Kepler-1322 c
5273,Kepler-1816 b
5274,Kepler-1679 b
5275,Kepler-1841 b
5276,Kepler-1846 b
5277,Kepler-1687 b
5278,Kepler-1729 b
5279,Kepler-1713 b
5280,HD 203030 b
5281,Kepler-1530 d
5282,Kepler-1899 b
5283,GJ 3512 b
5284,Kepler-1663 b
5285,Kepler-1666 c
5286,Kepler-1692 b
5287,Kepler-1722 b
5288,Kepler-1723 b
5289,Kepler-462 c
5290,Kepler-1266 c
5291,Kepler-1898 b
5292,Kepler-1935 b
5293,GJ 480 b
5294,Kepler-1724 b
5295,Kepler-1726 b
5296,Kepler-1734 b
5297,Kepler-1749 b
5298,Kepler-1788 b
5299,Kepler-1790 b
5300,Kepler-1940 b
5301,Kepler-1727 b
5302,Kepler-385 d
5303,Kepler-196 d
5304,Kepler-1912 b
5305,HD 27969 b
5306,K2-401 b
5307,GJ 740 b
5308,HD 136925 b
5309,HD 95735 c
5310,Kepler-1996 c
5311,Kepler-1804 b
5312,Kepler-1806 b
5313,Kepler-1864 b
5314,Kepler-1949 b
5315,Kepler-1952 b
5316,Kepler-1919 b
5317,Kepler-1073 d
5318,Kepler-1699 b
5319,K2-146 b
5320,Kepler-1759 b
5321,Kepler-462 b
5322,Kepler-1792 b
5323,Kepler-1845 b
5324,K2-389 c
5325,Kepler-1760 b
5326,Kepler-1672 b
5327,Kepler-598 b
5328,Kepler-647 b
5329,Kepler-647 c
5330,Kepler-783 b
5331,Kepler-1865 b
5332,Kepler-1311 c
5333,Kepler-1889 b
5334,Kepler-1936 b
5335,Kepler-1941 b
5336,Kepler-1911 b
5337,Kepler-1709 b
5338,Kepler-1681 b
5339,Kepler-1808 b
5340,Kepler-1848 b
5341,Kepler-1851 b
5342,OGLE-2017-BLG-0406L b
5343,Kepler-381 b
5344,Kepler-616 d
5345,TIC 172900988 b
5346,Kepler-1823 b
5347,Kepler-1829 b
5348,Kepler-1867 b
5349,Kepler-1877 b
5350,Kepler-1900 b
5351,Kepler-1918 b
5352,Kepler-1927 b
5353,Kepler-1928 b
5354,Kepler-1931 b
5355,Kepler-1943 b
5356,Kepler-1966 b
5357,Kepler-1968 b
5358,Kepler-501 c
5359,Kepler-511 b
5360,Kepler-511 c
5361,Kepler-529 c
5362,Kepler-589 c
5363,Kepler-1944 b
5364,gam Psc b
5365,HIP 34222 b
5366,BD+60 1417 b
5367,ups Leo b
5368,MOA-2019-BLG-008L b
5369,HD 99283 b
5370,HIP 75056 A b
5371,HIP 86221 b
5372,Kepler-1708 b
5373,OGLE-2019-BLG-0960L b
5374,HD 219139 b
5375,HD 10975 b
5376,HIP 5763 b
5377,Kepler-1705 b
5378,KMT-2021-BLG-0912L b
5379,KMT-2017-BLG-2509L b
5380,OGLE-2017-BLG-1099L b
5381,OGLE-2019-BLG-0299L b
5382,KMT-2018-BLG-1988L b
5383,K2-372 b
5384,K2-384 b
5385,K2-381 c
5386,K2-368 b
5387,K2-379 b
5388,K2-393 b
5389,K2-365 b
5390,K2-368 c
5391,K2-384 c
5392,K2-387 b
5393,LkCa 15 b
5394,K2-375 b
5395,K2-382 b
5396,EPIC 206317286 c
5397,K2-366 b
5398,K2-373 b
5399,K2-377 b
5400,K2-367 b
5401,K2-381 d
5402,K2-383 b
5403,K2-384 e
5404,K2-385 b
5405,K2-386 b
5406,K2-369 b
5407,K2-380 b
5408,K2-378 b
5409,K2-384 f
5410,K2-381 b
5411,K2-368 d
5412,K2-394 b
5413,K2-384 d
5414,HD 150010 b
5415,OGLE-2005-BLG-071L b
5416,AB Aur b
5417,CoRoTID 223977153 b
5418,Kepler-1950 b
5419,Kepler-1959 b
5420,Kepler-196 b
5421,Kepler-1960 b
5422,Gaia-1 b
5423,HD 83443 c
5424,Ross 508 b
5425,TOI-4791 b
5426,Kepler-305 b
5427,Kepler-305 c
5428,Kepler-324 c
5429,HD 184010 b
5430,HD 184010 c
5431,KIC 3526061 b
5432,MOA-2020-BLG-135L b
5433,NGTS-25 b
5434,OGLE-2006-BLG-284L A b
5435,KMT-2021-BLG-1077L b
5436,MOA-2007-BLG-400L b
5437,OGLE-2017-BLG-1806L b
5438,OGLE-2019-BLG-1492L b
5439,Wolf 1069 b
5440,KMT-2016-BLG-1105L b
5441,KMT-2019-BLG-0953L b
5442,KMT-2021-BLG-1253L b
5443,KMT-2019-BLG-0253L b
5444,OGLE-2018-BLG-0506L b
5445,OGLE-2018-BLG-0516L b
5446,OGLE-2019-BLG-1053L b
5447,KMT-2019-BLG-1042L b
5448,KMT-2017-BLG-0428L b
5449,KMT-2019-BLG-1552L b
5450,KMT-2021-BLG-1391L b
5451,TOI-2796 b
5452,TOI-2587 A b
5453,TOI-836 c
5454,TOI-561 c
5455,TOI-2497 b
5456,HD 74698 c
5457,HD 94771 b
5458,LHS 1478 b
5459,Kepler-30 b
5460,Kepler-725 b
5461,HD 169142 b
5462,CoRoT-3 b
5463,Kepler-880 c
5464,Kepler-1987 c
5465,Kepler-311 b
5466,Kepler-1126 b
5467,Kepler-1859 c
5468,Kepler-164 e
5469,Kepler-1981 b
5470,Kepler-1982 b
5471,Kepler-1983 b
5472,Kepler-1984 b
5473,Kepler-656 b
5474,Kepler-1052 c
5475,Kepler-1162 c
5476,OGLE-2016-BLG-1093 b
5477,Kepler-164 d
5478,Kepler-619 b
5479,Kepler-619 c
5480,Kepler-763 d
5481,Kepler-975 b
5482,Kepler-2000 c
5483,Kepler-1995 b
5484,Kepler-1998 b
5485,Kepler-1518 c
5486,Kepler-1994 b
5487,Kepler-1999 b
5488,Kepler-1518 b
5489,Kepler-1921 c
5490,Kepler-1992 b
5491,Kepler-1980 b
5492,Kepler-1894 c
5493,Kepler-1126 c
5494,Kepler-618 d
5495,Kepler-297 c
5496,Kepler-311 c
5497,Kepler-311 d
5498,Kepler-549 d
5499,Kepler-58 d
5500,Kepler-864 b
5501,Kepler-1989 b
5502,Kepler-1814 b
5503,Kepler-347 c
5504,Kepler-416 d
5505,Kepler-1471 b
5506,Kepler-290 b
5507,HIP 9618 c
5508,TOI-1749 c
5509,TOI-2443 b
5510,WISE J033605.05-014350.4 b
5511,KMT-2019-BLG-2783L b
5512,OGLE-2019-BLG-0249L b
5513,OGLE-2019-BLG-0679L b
5514,Kepler-1921 b
5515,Kepler-58 c
5516,Kepler-1669 b
5517,Kepler-1487 b
5518,Kepler-549 c
5519,Kepler-1610 b
5520,Kepler-896 b
5521,Kepler-896 c
5522,Kepler-1181 c
5523,Kepler-1801 b
5524,Kepler-1834 b
5525,Kepler-1869 c
5526,Kepler-290 d
5527,Kepler-58 e
5528,TOI-5704 b
5529,KMT-2019-BLG-1216L b
5530,TOI-1694 b
5531,KMT-2022-BLG-0440L b
5532,TOI-2459 b
5533,HD 222155 b
5534,TOI-5803 b
5535,TOI-715 b
5536,TOI-2498 b
5537,TOI-3082 b
5538,TOI-672 b
